"Date","Player_1","Player_2","Winner","Rank_1","Rank_2","Odd_1","Odd_2","Court","Five_Set","Match_Importance","Opponent","Odd_Med","Odd_Opp","Rank_Med","Rank_Opp","Win","Odd_Pred","Grass","Clay","Indoor","Hard","Odd_Acc","Opp_Court_Perc","Opp_Set_Perc","H2H_Med","Pre_Med","Pre5_Med","Pre_Opp","Pre5_Opp","Log_Rank_Med","Log_Rank_Opp"
"2016-05-16","Medvedev D.","Pella G.","Pella G.",244,54,5,1.16,"Clay",0,45,"Pella G.",5,1.16,244,54,0,0,0,1,0,0,1,44.4444444444444,40.5405405405405,50,0,0,0,0.4,5.4971682252932,3.98898404656427
"2016-06-07","Zeballos H.","Medvedev D.","Medvedev D.",92,256,2.62,1.44,"Grass",0,45,"Zeballos H.",1.44,2.62,256,92,1,1,1,0,0,0,1,16.6666666666667,41.2844036697248,50,0,0,0,0.4,5.54517744447956,4.52178857704904
"2016-06-09","Medvedev D.","Mannarino A.","Mannarino A.",256,55,3.25,1.33,"Grass",0,45,"Mannarino A.",3.25,1.33,256,55,0,0,1,0,0,0,1,51.5151515151515,43.6363636363636,50,1,0,1,0.6,5.54517744447956,4.00733318523247
"2016-07-12","Medvedev D.","Struff J.L.","Medvedev D.",215,86,3,1.36,"Clay",0,90,"Struff J.L.",3,1.36,215,86,1,0,0,1,0,0,0,25,34.4262295081967,50,0,0,0,0.2,5.37063802812766,4.45434729625351
"2016-07-14","Medvedev D.","Gimeno-Traver D.","Gimeno-Traver D.",215,156,1.83,1.83,"Clay",0,90,"Gimeno-Traver D.",1.83,1.83,215,156,0,1,0,1,0,0,0,40.1273885350318,36.4077669902913,50,1,0,1,0.4,5.37063802812766,5.04985600724954
"2016-09-20","Medvedev D.","Bublik A.","Medvedev D.",144,323,1.18,4.5,"Hard Indoor",0,45,"Bublik A.",1.18,4.5,144,323,1,1,0,0,1,0,1,0,0,50,0,0.4,0,0,4.969813299576,5.77765232322266
"2016-09-22","Zverev A.","Medvedev D.","Zverev A.",27,144,1.3,3.4,"Hard Indoor",0,45,"Zverev A.",3.4,1.3,144,27,0,0,0,0,1,0,1,47.0588235294118,54.320987654321,50,1,0.6,1,0.4,4.969813299576,3.29583686600433
"2016-10-20","Troicki V.","Medvedev D.","Medvedev D.",28,123,1.57,2.25,"Hard Indoor",0,45,"Troicki V.",2.25,1.57,123,28,1,0,0,0,1,0,0,59.1549295774648,52.2796352583587,50,0,0.4,0,0.4,4.81218435537242,3.3322045101752
"2016-10-21","Medvedev D.","Robert S.","Robert S.",123,52,1.33,3.25,"Hard Indoor",0,90,"Robert S.",1.33,3.25,123,52,0,1,0,0,1,0,0,33.3333333333333,38.0952380952381,50,1,0.6,1,0.2,4.81218435537242,3.95124371858143
"2017-01-02","Medvedev D.","Monteiro T.","Medvedev D.",99,82,1.18,4.5,"Hard Outdoor",0,45,"Monteiro T.",1.18,4.5,99,82,1,1,0,0,0,1,1,0,44.4444444444444,50,0,0.4,0,0.4,4.59511985013459,4.40671924726425
"2017-01-04","Medvedev D.","Lu Y.H.","Medvedev D.",99,64,2.5,1.5,"Hard Outdoor",0,45,"Lu Y.H.",2.5,1.5,99,64,1,0,0,0,0,1,0,44.2105263157895,43.6213991769547,50,1,0.6,1,0.4,4.59511985013459,4.15888308335967
"2017-01-06","Medvedev D.","Kovalik J.","Medvedev D.",99,117,1.36,3,"Hard Outdoor",0,90,"Kovalik J.",1.36,3,99,117,1,1,0,0,0,1,1,42.8571428571429,45.4545454545455,50,1,0.6,1,0.6,4.59511985013459,4.76217393479776
"2017-01-07","Medvedev D.","Sela D.","Medvedev D.",99,96,1.61,2.3,"Hard Outdoor",0,150,"Sela D.",1.61,2.3,99,96,1,1,0,0,0,1,1,44.3609022556391,42.8571428571429,50,1,0.8,1,0.6,4.59511985013459,4.56434819146784
"2017-01-08","Bautista Agut R.","Medvedev D.","Bautista Agut R.",14,99,1.28,3.75,"Hard Outdoor",0,250,"Bautista Agut R.",3.75,1.28,99,14,0,0,0,0,0,1,1,73.6842105263158,61.7647058823529,50,1,0.8,1,0.6,4.59511985013459,2.63905732961526
"2017-01-17","Medvedev D.","Escobedo E.","Escobedo E.",63,131,1.44,2.75,"Hard Outdoor",1,90,"Escobedo E.",1.44,2.75,63,131,0,1,0,0,0,1,0,0,0,50,0,0.8,0,0.2,4.14313472639153,4.87519732320115
"2017-02-07","Medvedev D.","Kamke T.","Medvedev D.",63,123,1.4,2.75,"Hard Indoor",0,45,"Kamke T.",1.4,2.75,63,123,1,1,0,0,1,0,1,40.4761904761905,39.5161290322581,50,0,0.6,0,0.6,4.14313472639153,4.81218435537242
"2017-02-09","Verdasco F.","Medvedev D.","Medvedev D.",40,63,1.57,2.25,"Hard Indoor",0,45,"Verdasco F.",2.25,1.57,63,40,1,0,0,0,1,0,0,47.1264367816092,55.7858376511226,50,1,0.6,1,0.6,4.14313472639153,3.68887945411394
"2017-02-10","Medvedev D.","Tsonga J.W.","Tsonga J.W.",63,14,4,1.22,"Hard Indoor",0,90,"Tsonga J.W.",4,1.22,63,14,0,0,0,0,1,0,1,69.4915254237288,65.6593406593407,50,1,0.6,1,0.8,4.14313472639153,2.63905732961526
"2017-02-22","Medvedev D.","Paire B.","Medvedev D.",64,41,1.72,2,"Hard Indoor",0,45,"Paire B.",1.72,2,64,41,1,1,0,0,1,0,1,42.8571428571429,47.6190476190476,50,0,0.4,0,0.4,4.15888308335967,3.71357206670431
"2017-02-23","Struff J.L.","Medvedev D.","Medvedev D.",62,64,2,1.72,"Hard Indoor",0,45,"Struff J.L.",1.72,2,64,62,1,1,0,0,1,0,1,53.3333333333333,38.4615384615385,100,1,0.6,1,0.4,4.15888308335967,4.12713438504509
"2017-02-24","Medvedev D.","Pouille L.","Pouille L.",64,17,2.62,1.44,"Hard Indoor",0,90,"Pouille L.",2.62,1.44,64,17,0,0,0,0,1,0,1,52.1739130434783,53.5211267605634,50,1,0.8,1,0.4,4.15888308335967,2.83321334405622
"2017-03-01","Medvedev D.","Kohlschreiber P.","Kohlschreiber P.",57,29,2.62,1.44,"Hard Outdoor",0,90,"Kohlschreiber P.",2.62,1.44,57,29,0,0,0,0,0,1,1,53.8812785388128,56.7729083665339,50,0,0.6,1,0.6,4.04305126783455,3.36729582998647
"2017-03-10","Medvedev D.","Youzhny M.","Youzhny M.",58,84,1.44,2.62,"Hard Outdoor",0,90,"Youzhny M.",1.44,2.62,58,84,0,1,0,0,0,1,0,53.7313432835821,54.6594982078853,50,0,0.4,0,0.4,4.06044301054642,4.43081679884331
"2017-04-18","Lopez F.","Medvedev D.","Lopez F.",39,62,1.53,2.37,"Clay",0,90,"Lopez F.",2.37,1.53,62,39,0,0,0,1,0,0,1,49.5192307692308,50.9306260575296,50,0,0.4,0,0.4,4.12713438504509,3.66356164612965
"2017-05-22","Medvedev D.","Simon G.","Simon G.",65,32,3.4,1.3,"Clay",0,45,"Simon G.",3.4,1.3,65,32,0,0,0,1,0,0,1,61,58.969465648855,50,0,0.2,0,0.2,4.17438726989564,3.46573590279973
"2017-06-13","Medvedev D.","Haase R.","Medvedev D.",65,43,2.1,1.66,"Grass",0,45,"Haase R.",2.1,1.66,65,43,1,0,1,0,0,0,0,40.625,46.1818181818182,50,0,0,0,0.2,4.17438726989564,3.76120011569356
"2017-06-15","Medvedev D.","Kokkinakis T.","Medvedev D.",65,993,1.66,2.1,"Grass",0,45,"Kokkinakis T.",1.66,2.1,65,993,1,1,1,0,0,0,1,50,35.7142857142857,50,1,0.2,1,0.4,4.17438726989564,6.90073066404517
"2017-06-16","Karlovic I.","Medvedev D.","Karlovic I.",24,65,1.4,3,"Grass",0,90,"Karlovic I.",3,1.4,65,24,0,0,1,0,0,0,1,67.3469387755102,55.8886509635974,50,1,0.4,1,0.6,4.17438726989564,3.17805383034795
"2017-06-20","Medvedev D.","Mahut N.","Medvedev D.",60,77,2.62,1.44,"Grass",0,90,"Mahut N.",2.62,1.44,60,77,1,0,1,0,0,0,0,64,48.8888888888889,50,0,0.4,0,0.2,4.0943445622221,4.34380542185368
"2017-06-22","Kokkinakis T.","Medvedev D.","Medvedev D.",698,60,2.37,1.53,"Grass",0,90,"Kokkinakis T.",1.53,2.37,60,698,1,1,1,0,0,0,1,50,36.6666666666667,100,1,0.6,1,0.4,4.0943445622221,6.54821910276237
"2017-06-23","Medvedev D.","Dimitrov G.","Dimitrov G.",60,11,3.4,1.33,"Grass",0,180,"Dimitrov G.",3.4,1.33,60,11,0,0,1,0,0,0,1,63.0434782608696,59.2592592592593,50,1,0.8,1,0.6,4.0943445622221,2.39789527279837
"2017-06-28","Querrey S.","Medvedev D.","Medvedev D.",28,52,1.4,2.75,"Grass",0,45,"Querrey S.",2.75,1.4,52,28,1,0,1,0,0,0,0,61.3333333333333,56.6585956416465,50,0,0.6,0,0.4,3.95124371858143,3.3322045101752
"2017-06-29","Haase R.","Medvedev D.","Medvedev D.",38,52,1.83,1.83,"Grass",0,45,"Haase R.",1.83,1.83,52,38,1,1,1,0,0,0,1,43.2432432432432,46.4285714285714,100,1,0.6,1,0.6,3.95124371858143,3.63758615972639
"2017-06-29","Medvedev D.","Johnson S.","Medvedev D.",52,31,1.9,1.9,"Grass",0,90,"Johnson S.",1.9,1.9,52,31,1,1,1,0,0,0,1,54.5454545454545,51.4619883040936,50,1,0.8,0,0.4,3.95124371858143,3.43398720448515
"2017-06-30","Medvedev D.","Djokovic N.","Djokovic N.",52,4,6,1.12,"Grass",0,150,"Djokovic N.",6,1.12,52,4,0,0,1,0,0,0,1,83.75,82.7054794520548,50,1,0.8,1,0.8,3.95124371858143,1.38629436111989
"2017-07-03","Wawrinka S.","Medvedev D.","Medvedev D.",3,49,1.4,3,"Grass",1,90,"Wawrinka S.",3,1.4,49,3,1,0,1,0,0,0,0,51.063829787234,73.5294117647059,50,0,0.6,0,0.6,3.89182029811063,1.09861228866811
"2017-07-05","Medvedev D.","Bemelmans R.","Bemelmans R.",49,124,1.14,5.5,"Grass",1,90,"Bemelmans R.",1.14,5.5,49,124,0,1,1,0,0,0,0,28.5714285714286,27.2727272727273,50,1,0.8,1,0.6,3.89182029811063,4.82028156560504
"2017-08-01","Opelka R.","Medvedev D.","Medvedev D.",130,50,2.62,1.44,"Hard Outdoor",0,90,"Opelka R.",1.44,2.62,50,130,1,1,0,0,0,1,1,36.3636363636364,33.3333333333333,50,0,0.6,0,0,3.91202300542815,4.86753445045558
"2017-08-03","Medvedev D.","Johnson S.","Medvedev D.",50,34,2.2,1.61,"Hard Outdoor",0,90,"Johnson S.",2.2,1.61,50,34,1,0,0,0,0,1,0,50.4347826086956,51.4450867052023,100,1,0.6,0,0.6,3.91202300542815,3.52636052461616
"2017-08-04","Dimitrov G.","Medvedev D.","Medvedev D.",11,50,1.33,3.4,"Hard Outdoor",0,90,"Dimitrov G.",3.4,1.33,50,11,1,0,0,0,0,1,0,60.2484472049689,59.3333333333333,0,1,0.6,1,0.6,3.91202300542815,2.39789527279837
"2017-08-05","Medvedev D.","Zverev A.","Zverev A.",50,8,3.4,1.33,"Hard Outdoor",0,180,"Zverev A.",3.4,1.33,50,8,0,0,0,0,0,1,1,58.5365853658537,63.7037037037037,0,1,0.8,1,0.8,3.91202300542815,2.07944154167984
"2017-08-08","Medvedev D.","Mannarino A.","Mannarino A.",48,42,1.57,2.25,"Hard Outdoor",0,90,"Mannarino A.",1.57,2.25,48,42,0,1,0,0,0,1,0,45.4545454545455,44.4954128440367,0,0,0.6,0,0.4,3.87120101090789,3.73766961828337
"2017-08-14","Fognini F.","Medvedev D.","Fognini F.",25,51,1.83,1.83,"Hard Outdoor",0,90,"Fognini F.",1.83,1.83,51,25,0,1,0,0,0,1,0,41.2213740458015,50.8771929824561,50,0,0.6,0,0.8,3.93182563272433,3.2188758248682
"2017-08-22","Medvedev D.","Edmund K.","Edmund K.",53,45,2.25,1.57,"Hard Outdoor",0,45,"Edmund K.",2.25,1.57,53,45,0,0,0,0,0,1,1,45.4545454545455,43.0769230769231,50,0,0.4,1,0.4,3.97029191355212,3.80666248977032
"2017-08-28","Shapovalov D.","Medvedev D.","Shapovalov D.",69,54,1.72,2.1,"Hard Outdoor",1,90,"Shapovalov D.",2.1,1.72,54,69,0,0,0,0,0,1,1,62.5,0,50,0,0.2,0,0.8,3.98898404656427,4.23410650459726
"2017-09-20","Medvedev D.","Fabbiano T.","Fabbiano T.",62,70,1.28,3.5,"Hard Indoor",0,45,"Fabbiano T.",1.28,3.5,62,70,0,1,0,0,1,0,0,0,18.1818181818182,50,0,0,0,0.4,4.12713438504509,4.24849524204936
"2017-10-04","Dolgopolov O.","Medvedev D.","Dolgopolov O.",44,64,1.53,2.37,"Hard Outdoor",0,90,"Dolgopolov O.",2.37,1.53,64,44,0,0,0,0,0,1,1,55.3072625698324,53.015873015873,50,0,0,0,0.6,4.15888308335967,3.78418963391826
"2017-10-08","Medvedev D.","Pouille L.","Pouille L.",64,24,3,1.36,"Hard Outdoor",0,90,"Pouille L.",3,1.36,64,24,0,0,0,0,0,1,1,48.936170212766,55.4455445544555,0,0,0,0,0.4,4.15888308335967,3.17805383034795
"2017-10-18","Medvedev D.","Kuznetsov An.","Medvedev D.",67,95,2.2,1.61,"Hard Indoor",0,45,"Kuznetsov An.",2.2,1.61,67,95,1,0,0,0,1,0,0,34.6153846153846,39.8230088495575,50,0,0,0,0.2,4.20469261939097,4.55387689160054
"2017-10-19","Medvedev D.","Carreno Busta P.","Medvedev D.",67,11,2.37,1.53,"Hard Indoor",0,45,"Carreno Busta P.",2.37,1.53,67,11,1,0,0,0,1,0,0,75,62.8205128205128,50,1,0.2,0,0.4,4.20469261939097,2.39789527279837
"2017-10-20","Medvedev D.","Basic M.","Basic M.",67,209,1.25,4,"Hard Indoor",0,90,"Basic M.",1.25,4,67,209,0,1,0,0,1,0,0,60,44.4444444444444,50,1,0.4,1,0.4,4.20469261939097,5.34233425196481
"2018-01-08","Medvedev D.","Kohlschreiber P.","Medvedev D.",84,29,2.25,1.57,"Hard Outdoor",0,45,"Kohlschreiber P.",2.25,1.57,84,29,1,0,0,0,0,1,0,53.7444933920705,57.2232645403377,0,0,0.4,0,0.6,4.43081679884331,3.36729582998647
"2018-01-10","Donaldson J.","Medvedev D.","Medvedev D.",55,84,1.83,1.83,"Hard Outdoor",0,45,"Donaldson J.",1.83,1.83,84,55,1,1,0,0,0,1,1,49.0566037735849,44.4444444444444,50,1,0.6,1,0.4,4.43081679884331,4.00733318523247
"2018-01-11","Lorenzi P.","Medvedev D.","Medvedev D.",45,84,2.62,1.5,"Hard Outdoor",0,90,"Lorenzi P.",1.5,2.62,84,45,1,1,0,0,0,1,1,30.9859154929577,40,50,1,0.8,1,0.4,4.43081679884331,3.80666248977032
"2018-01-12","Medvedev D.","Fognini F.","Medvedev D.",84,27,2,1.8,"Hard Outdoor",0,150,"Fognini F.",2,1.8,84,27,1,0,0,0,0,1,0,42.5531914893617,51.5587529976019,0,1,0.8,1,0.6,4.43081679884331,3.29583686600433
"2018-01-13","Medvedev D.","De Minaur A.","Medvedev D.",84,167,2.2,1.66,"Hard Outdoor",0,250,"De Minaur A.",2.2,1.66,84,167,1,0,0,0,0,1,0,66.6666666666667,77.7777777777778,50,1,0.8,1,0.8,4.43081679884331,5.11799381241676
"2018-01-16","Kokkinakis T.","Medvedev D.","Medvedev D.",216,53,1.66,2.2,"Hard Outdoor",1,90,"Kokkinakis T.",2.2,1.66,53,216,1,0,0,0,0,1,0,48.2758620689655,40,100,1,1,0,0.6,3.97029191355212,5.37527840768417
"2018-01-18","Medvedev D.","Chung H.","Chung H.",53,58,2.75,1.44,"Hard Outdoor",1,90,"Chung H.",2.75,1.44,53,58,0,0,0,0,0,1,1,45.2380952380952,41.6666666666667,50,1,1,0,0.6,3.97029191355212,4.06044301054642
"2018-02-07","Gasquet R.","Medvedev D.","Gasquet R.",33,56,1.36,3,"Hard Indoor",0,45,"Gasquet R.",3,1.36,56,33,0,0,0,0,1,0,1,64.7887323943662,63.5701275045537,50,0,0.8,0,0.6,4.02535169073515,3.49650756146648
"2018-02-13","Medvedev D.","Muller G.","Medvedev D.",57,28,1.72,2,"Hard Indoor",0,90,"Muller G.",1.72,2,57,28,1,1,0,0,1,0,1,51.4705882352941,52.5773195876289,50,0,0.6,0,0.6,4.04305126783455,3.3322045101752
"2018-02-15","Herbert P.H.","Medvedev D.","Medvedev D.",80,57,2.37,1.53,"Hard Indoor",0,90,"Herbert P.H.",1.53,2.37,57,80,1,1,0,0,1,0,1,41.3793103448276,36,50,1,0.6,0,0.4,4.04305126783455,4.38202663467388
"2018-02-16","Medvedev D.","Seppi A.","Seppi A.",57,81,1.8,2,"Hard Indoor",0,180,"Seppi A.",1.8,2,57,81,0,1,0,0,1,0,0,46.7889908256881,48.1854838709677,50,1,0.6,1,0.6,4.04305126783455,4.39444915467244
"2018-03-08","Medvedev D.","Johnson S.","Medvedev D.",57,52,1.9,1.8,"Hard Outdoor",0,90,"Johnson S.",1.9,1.8,57,52,1,0,0,0,0,1,0,50,50.5154639175258,100,0,0.4,0,0.6,4.04305126783455,3.95124371858143
"2018-03-10","Medvedev D.","Berrettini M.","Medvedev D.",57,108,1.4,2.75,"Hard Outdoor",0,90,"Berrettini M.",1.4,2.75,57,108,1,1,0,0,0,1,1,33.3333333333333,33.3333333333333,50,1,0.6,0,0.2,4.04305126783455,4.68213122712422
"2018-03-12","Carreno Busta P.","Medvedev D.","Carreno Busta P.",14,57,1.72,2,"Hard Outdoor",0,180,"Carreno Busta P.",2,1.72,57,14,0,0,0,0,0,1,1,60.8695652173913,57.7777777777778,100,1,0.8,1,0.4,4.04305126783455,2.63905732961526
"2018-03-22","Tsitsipas S.","Medvedev D.","Medvedev D.",70,52,2,1.72,"Hard Outdoor",0,90,"Tsitsipas S.",1.72,2,52,70,1,1,0,0,0,1,1,42.8571428571429,36.3636363636364,50,0,0.6,0,0.6,3.95124371858143,4.24849524204936
"2018-03-24","Zverev A.","Medvedev D.","Zverev A.",5,52,1.36,3,"Hard Outdoor",0,90,"Zverev A.",3,1.36,52,5,0,0,0,0,0,1,1,62.6865671641791,63.6363636363636,0,1,0.6,0,0.6,3.95124371858143,1.6094379124341
"2018-04-15","Medvedev D.","Fucsovics M.","Medvedev D.",49,59,2,1.72,"Clay",0,90,"Fucsovics M.",2,1.72,49,59,1,0,0,1,0,0,0,25,34.7826086956522,50,0,0.6,0,0.2,3.89182029811063,4.07753744390572
"2018-04-18","Medvedev D.","Nishikori K.","Nishikori K.",49,36,3.5,1.28,"Clay",0,90,"Nishikori K.",3.5,1.28,49,36,0,0,0,1,0,0,1,71.875,68.695652173913,50,1,0.6,1,0.4,3.89182029811063,3.58351893845611
"2018-05-01","Sousa J.","Medvedev D.","Sousa J.",68,50,1.66,2.1,"Clay",0,45,"Sousa J.",2.1,1.66,50,68,0,0,0,1,0,0,1,46.6666666666667,44.8559670781893,50,0,0.4,0,0.6,3.91202300542815,4.21950770517611
"2018-05-08","Edmund K.","Medvedev D.","Edmund K.",22,51,1.36,3,"Clay",0,90,"Edmund K.",3,1.36,51,22,0,0,0,1,0,0,1,53.8461538461538,46.7391304347826,0,0,0.4,0,0.4,3.93182563272433,3.09104245335832
"2018-05-14","Medvedev D.","Haase R.","Haase R.",50,44,2.25,1.57,"Clay",0,90,"Haase R.",2.25,1.57,50,44,0,0,0,1,0,0,1,50.3759398496241,46.875,100,0,0.2,0,0.2,3.91202300542815,3.78418963391826
"2018-05-27","Medvedev D.","Pouille L.","Pouille L.",53,16,4.5,1.2,"Clay",1,90,"Pouille L.",4.5,1.2,53,16,0,0,0,1,0,0,1,56.5217391304348,50,0,0,0.2,0,0.2,3.97029191355212,2.77258872223978
"2018-06-11","Medvedev D.","Bhambri Y.","Medvedev D.",52,84,1.33,3.25,"Grass",0,45,"Bhambri Y.",1.33,3.25,52,84,1,1,1,0,0,0,1,0,41.6666666666667,50,0,0,0,0.4,3.95124371858143,4.43081679884331
"2018-06-13","Verdasco F.","Medvedev D.","Verdasco F.",34,52,2.25,1.57,"Grass",0,45,"Verdasco F.",1.57,2.25,52,34,0,1,1,0,0,0,0,56.578947368421,55.3654743390358,100,1,0.2,0,0.6,3.95124371858143,3.52636052461616
"2018-06-18","Medvedev D.","Sock J.","Medvedev D.",53,14,1.66,2.1,"Grass",0,90,"Sock J.",1.66,2.1,53,14,1,1,1,0,0,0,1,55.5555555555556,59.5238095238095,50,0,0.2,0,0.2,3.97029191355212,2.63905732961526
"2018-06-20","Medvedev D.","Chardy J.","Chardy J.",53,61,1.8,1.9,"Grass",0,90,"Chardy J.",1.8,1.9,53,61,0,1,1,0,0,0,0,47.9166666666667,47.7900552486188,50,1,0.4,1,0.8,3.97029191355212,4.11087386417331
"2018-06-26","Johnson S.","Medvedev D.","Johnson S.",42,59,1.83,1.83,"Grass",0,45,"Johnson S.",1.83,1.83,59,42,0,1,1,0,0,0,0,53.8461538461538,51.9047619047619,100,0,0.4,0,0.4,4.07753744390572,3.73766961828337
"2018-07-02","Medvedev D.","Coric B.","Medvedev D.",67,20,4.5,1.22,"Grass",1,90,"Coric B.",4.5,1.22,67,20,1,0,1,0,0,0,0,46.1538461538462,44,50,0,0.4,1,0.8,4.20469261939097,2.99573227355399
"2018-07-04","Medvedev D.","Garcia-Lopez G.","Medvedev D.",67,65,1.33,3.5,"Grass",1,90,"Garcia-Lopez G.",1.33,3.5,67,65,1,1,1,0,0,0,1,48.2758620689655,43.4782608695652,50,1,0.4,1,0.6,4.20469261939097,4.17438726989564
"2018-07-06","Medvedev D.","Mannarino A.","Mannarino A.",67,26,1.8,2,"Grass",1,180,"Mannarino A.",1.8,2,67,26,0,1,1,0,0,0,0,56.7164179104478,43.859649122807,0,1,0.6,1,0.8,4.20469261939097,3.25809653802148
"2018-07-31","Watanuki Y.","Medvedev D.","Medvedev D.",287,63,3,1.36,"Hard Outdoor",0,90,"Watanuki Y.",1.36,3,63,287,1,1,0,0,0,1,1,0,0,50,0,0.4,0,0,4.14313472639153,5.65948221575962
"2018-08-01","Medvedev D.","Shapovalov D.","Shapovalov D.",63,26,2.5,1.5,"Hard Outdoor",0,90,"Shapovalov D.",2.5,1.5,63,26,0,0,0,0,0,1,1,58.6206896551724,51.1111111111111,0,1,0.6,0,0.4,4.14313472639153,3.25809653802148
"2018-08-06","Medvedev D.","Sock J.","Medvedev D.",68,19,1.53,2.37,"Hard Outdoor",0,90,"Sock J.",1.53,2.37,68,19,1,1,0,0,0,1,1,57.2519083969466,59.2417061611374,100,0,0.6,0,0,4.21950770517611,2.94443897916644
"2018-08-09","Medvedev D.","Auger-Aliassime F.","Medvedev D.",68,133,1.57,2.25,"Hard Outdoor",0,90,"Auger-Aliassime F.",1.57,2.25,68,133,1,1,0,0,0,1,1,66.6666666666667,40,50,1,0.6,1,0.6,4.21950770517611,4.89034912822175
"2018-08-09","Zverev A.","Medvedev D.","Zverev A.",3,68,1.14,5.5,"Hard Outdoor",0,180,"Zverev A.",5.5,1.14,68,3,0,0,0,0,0,1,1,66.6666666666667,67.1794871794872,0,1,0.6,1,1,4.21950770517611,1.09861228866811
"2018-08-14","Medvedev D.","Coric B.","Coric B.",56,21,2.75,1.4,"Hard Outdoor",0,90,"Coric B.",2.75,1.4,56,21,0,0,0,0,0,1,1,53.6585365853659,52.9411764705882,100,0,0.6,0,0.4,4.02535169073515,3.04452243772342
"2018-08-19","Medvedev D.","Basic M.","Medvedev D.",57,81,1.4,2.75,"Hard Outdoor",0,45,"Basic M.",1.4,2.75,57,81,1,1,0,0,0,1,1,37.5,48.4848484848485,0,0,0.4,0,0.2,4.04305126783455,4.39444915467244
"2018-08-21","Medvedev D.","De Minaur A.","Medvedev D.",57,43,2,1.72,"Hard Outdoor",0,45,"De Minaur A.",2,1.72,57,43,1,0,0,0,0,1,0,58.3333333333333,58.3333333333333,100,1,0.6,0,0.8,4.04305126783455,3.76120011569356
"2018-08-22","Medvedev D.","Andreozzi G.","Medvedev D.",57,118,1.33,3.4,"Hard Outdoor",0,45,"Andreozzi G.",1.33,3.4,57,118,1,1,0,0,0,1,1,33.3333333333333,37.5,50,1,0.6,1,0.2,4.04305126783455,4.77068462446567
"2018-08-24","Medvedev D.","Harrison R.","Medvedev D.",57,56,2,1.8,"Hard Outdoor",0,90,"Harrison R.",2,1.8,57,56,1,0,0,0,0,1,0,45.2702702702703,44.6601941747573,50,1,0.6,1,0.6,4.04305126783455,4.02535169073515
"2018-08-25","Medvedev D.","Daniel T.","Medvedev D.",57,76,1.44,2.75,"Hard Outdoor",0,150,"Daniel T.",1.44,2.75,57,76,1,1,0,0,0,1,1,35,43.1034482758621,50,1,0.8,1,0.8,4.04305126783455,4.33073334028633
"2018-08-25","Medvedev D.","Johnson S.","Medvedev D.",57,34,2,1.8,"Hard Outdoor",0,250,"Johnson S.",2,1.8,57,34,1,0,0,0,0,1,0,50,52.7027027027027,75,1,1,1,0.6,4.04305126783455,3.52636052461616
"2018-08-27","Medvedev D.","Donskoy E.","Medvedev D.",36,80,1.36,3.2,"Hard Outdoor",1,90,"Donskoy E.",1.36,3.2,36,80,1,1,0,0,0,1,1,40.7407407407407,32,50,1,1,0,0.4,3.58351893845611,4.38202663467388
"2018-08-29","Tsitsipas S.","Medvedev D.","Medvedev D.",15,36,1.57,2.37,"Hard Outdoor",1,90,"Tsitsipas S.",2.37,1.57,36,15,1,0,0,0,0,1,0,55.5555555555556,50,100,1,1,1,0.6,3.58351893845611,2.70805020110221
"2018-09-01","Coric B.","Medvedev D.","Coric B.",20,36,1.61,2.3,"Hard Outdoor",1,180,"Coric B.",2.3,1.61,36,20,0,0,0,0,0,1,1,54.6511627906977,46.4285714285714,50,1,1,1,0.6,3.58351893845611,2.99573227355399
"2018-09-18","Medvedev D.","Sousa J.","Medvedev D.",35,49,1.57,2.25,"Hard Indoor",0,45,"Sousa J.",1.57,2.25,35,49,1,1,0,0,1,0,1,54.6875,44.9612403100775,0,0,0.8,0,0.4,3.55534806148941,3.89182029811063
"2018-09-20","Kukushkin M.","Medvedev D.","Medvedev D.",87,35,3,1.36,"Hard Indoor",0,45,"Kukushkin M.",1.36,3,35,87,1,1,0,0,1,0,1,57.1428571428571,42.3280423280423,50,1,0.8,0,0.6,3.55534806148941,4.46590811865458
"2018-09-21","Thiem D.","Medvedev D.","Thiem D.",8,35,1.53,2.5,"Hard Indoor",0,90,"Thiem D.",2.5,1.53,35,8,0,0,0,0,1,0,1,47.9166666666667,61.1111111111111,50,1,0.8,1,0.8,3.55534806148941,2.07944154167984
"2018-10-01","Medvedev D.","Schwartzman D.","Medvedev D.",32,14,1.66,2.1,"Hard Outdoor",0,90,"Schwartzman D.",1.66,2.1,32,14,1,1,0,0,0,1,1,51.5625,50.354609929078,50,0,0.6,0,0.4,3.46573590279973,2.63905732961526
"2018-10-03","Klizan M.","Medvedev D.","Medvedev D.",51,32,2,1.72,"Hard Outdoor",0,90,"Klizan M.",1.72,2,32,51,1,1,0,0,0,1,1,34.375,52.7173913043478,50,1,0.6,1,0.8,3.46573590279973,3.93182563272433
"2018-10-05","Raonic M.","Medvedev D.","Medvedev D.",20,32,1.44,2.75,"Hard Outdoor",0,180,"Raonic M.",2.75,1.44,32,20,1,0,0,0,0,1,0,70.8133971291866,68.1957186544342,50,1,0.8,1,0.8,3.46573590279973,2.99573227355399
"2018-10-06","Medvedev D.","Shapovalov D.","Medvedev D.",32,31,1.72,2.1,"Hard Outdoor",0,300,"Shapovalov D.",1.72,2.1,32,31,1,1,0,0,0,1,1,61.3636363636364,55.7377049180328,0,1,0.8,1,0.8,3.46573590279973,3.43398720448515
"2018-10-07","Medvedev D.","Nishikori K.","Medvedev D.",32,12,3.2,1.36,"Hard Outdoor",0,500,"Nishikori K.",3.2,1.36,32,12,1,0,0,0,0,1,0,68.3333333333333,68.733153638814,0,1,0.8,1,0.8,3.46573590279973,2.484906649788
"2018-10-09","Zhang Ze","Medvedev D.","Medvedev D.",216,22,6.5,1.11,"Hard Outdoor",0,90,"Zhang Ze",1.11,6.5,22,216,1,1,0,0,0,1,1,10,10,50,1,1,0,0,3.09104245335832,5.37527840768417
"2018-10-10","Federer R.","Medvedev D.","Federer R.",2,22,1.22,4,"Hard Outdoor",0,90,"Federer R.",4,1.22,22,2,0,0,0,0,0,1,1,85.2313167259786,83.1869510664994,50,1,1,0,0.6,3.09104245335832,0.693147180559945
"2018-10-18","Medvedev D.","Lajovic D.","Medvedev D.",21,50,1.3,3.4,"Hard Indoor",0,45,"Lajovic D.",1.3,3.4,21,50,1,1,0,0,1,0,1,33.3333333333333,43.6241610738255,50,0,0.8,1,0.6,3.04452243772342,3.91202300542815
"2018-10-19","Berankis R.","Medvedev D.","Medvedev D.",107,21,5.5,1.14,"Hard Indoor",0,90,"Berankis R.",1.14,5.5,21,107,1,1,0,0,1,0,1,54.1666666666667,43.3070866141732,50,1,0.8,1,0.6,3.04452243772342,4.67282883446191
"2018-10-20","Khachanov K.","Medvedev D.","Khachanov K.",26,21,1.9,1.9,"Hard Indoor",0,150,"Khachanov K.",1.9,1.9,21,26,0,1,0,0,1,0,0,50,52.7777777777778,50,1,0.8,1,0.6,3.04452243772342,3.25809653802148
"2018-10-23","Medvedev D.","Marterer M.","Medvedev D.",20,67,1.25,3.75,"Hard Indoor",0,90,"Marterer M.",1.25,3.75,20,67,1,1,0,0,1,0,1,25,27.906976744186,50,0,0.6,0,0,2.99573227355399,4.20469261939097
"2018-10-25","Medvedev D.","Seppi A.","Medvedev D.",20,43,1.36,3,"Hard Indoor",0,90,"Seppi A.",1.36,3,20,43,1,1,0,0,1,0,1,48.2758620689655,48.3870967741936,0,1,0.6,1,0.8,2.99573227355399,3.76120011569356
"2018-10-26","Tsitsipas S.","Medvedev D.","Medvedev D.",16,20,1.66,2.2,"Hard Indoor",0,180,"Tsitsipas S.",2.2,1.66,20,16,1,0,0,0,1,0,0,53.3333333333333,56.7164179104478,100,1,0.8,1,1,2.99573227355399,2.77258872223978
"2018-10-27","Medvedev D.","Federer R.","Federer R.",20,3,3.2,1.36,"Hard Indoor",0,300,"Federer R.",3.2,1.36,20,3,0,0,0,0,1,0,1,84.0796019900498,83.2089552238806,0,1,0.8,1,0.8,2.99573227355399,1.09861228866811
"2018-10-30","Medvedev D.","Carreno Busta P.","Medvedev D.",17,24,1.28,3.5,"Hard Indoor",0,90,"Carreno Busta P.",1.28,3.5,17,24,1,1,0,0,1,0,1,50,59.349593495935,50,0,0.6,0,0.6,2.83321334405622,3.17805383034795
"2018-10-31","Coric B.","Medvedev D.","Coric B.",13,17,1.83,1.83,"Hard Indoor",0,90,"Coric B.",1.83,1.83,17,13,0,1,0,0,1,0,0,42.3076923076923,53.6585365853659,33.3333333333333,1,0.8,1,0.8,2.83321334405622,2.56494935746154
"2019-01-02","Murray A.","Medvedev D.","Medvedev D.",240,16,1.83,1.83,"Hard Outdoor",0,45,"Murray A.",1.83,1.83,16,240,1,1,0,0,0,1,1,77.8067885117493,75,50,0,0.6,1,0.6,2.77258872223978,5.48063892334199
"2019-01-04","Medvedev D.","Raonic M.","Medvedev D.",16,18,2,1.8,"Hard Outdoor",0,90,"Raonic M.",2,1.8,16,18,1,0,0,0,0,1,0,70.4225352112676,67.6646706586826,100,1,0.6,1,0.6,2.77258872223978,2.89037175789616
"2019-01-05","Tsonga J.W.","Medvedev D.","Medvedev D.",239,16,2.3,1.61,"Hard Outdoor",0,150,"Tsonga J.W.",1.61,2.3,16,239,1,1,0,0,0,1,1,69.2622950819672,66.1764705882353,0,1,0.6,1,0.6,2.77258872223978,5.47646355193151
"2019-01-06","Nishikori K.","Medvedev D.","Nishikori K.",9,16,1.57,2.37,"Hard Outdoor",0,250,"Nishikori K.",2.37,1.57,16,9,0,0,0,0,0,1,1,68.4210526315789,68.6375321336761,50,1,0.8,1,0.6,2.77258872223978,2.19722457733622
"2019-01-15","Harris L.","Medvedev D.","Medvedev D.",119,19,5,1.16,"Hard Outdoor",1,90,"Harris L.",1.16,5,19,119,1,1,0,0,0,1,1,25,0,50,0,0.6,0,0.2,2.94443897916644,4.77912349311153
"2019-01-17","Medvedev D.","Harrison R.","Medvedev D.",19,83,1.16,5,"Hard Outdoor",1,90,"Harrison R.",1.16,5,19,83,1,1,0,0,0,1,1,44.4444444444444,33.3333333333333,100,1,0.8,1,0.2,2.94443897916644,4.4188406077966
"2019-01-19","Goffin D.","Medvedev D.","Medvedev D.",22,19,2.3,1.61,"Hard Outdoor",1,180,"Goffin D.",1.61,2.3,19,22,1,1,0,0,0,1,1,60.1398601398601,64.6153846153846,50,1,0.8,1,0.4,2.94443897916644,3.09104245335832
"2019-01-21","Djokovic N.","Medvedev D.","Djokovic N.",1,19,1.11,6.5,"Hard Outdoor",1,360,"Djokovic N.",6.5,1.11,19,1,0,0,0,0,0,1,1,86.6952789699571,87.1527777777778,0,1,0.8,1,0.8,2.94443897916644,0
"2019-02-07","Haase R.","Medvedev D.","Medvedev D.",54,16,4,1.22,"Hard Indoor",0,45,"Haase R.",1.22,4,16,54,1,1,0,0,1,0,1,41.25,46.7048710601719,66.6666666666667,0,0.6,1,0.4,2.77258872223978,3.98898404656427
"2019-02-08","Klizan M.","Medvedev D.","Medvedev D.",38,16,3.75,1.28,"Hard Indoor",0,90,"Klizan M.",1.28,3.75,16,38,1,1,0,0,1,0,1,61.2244897959184,52.6315789473684,100,1,0.8,1,0.6,2.77258872223978,3.63758615972639
"2019-02-09","Medvedev D.","Monfils G.","Medvedev D.",16,33,1.66,2.2,"Hard Indoor",0,150,"Monfils G.",1.66,2.2,16,33,1,1,0,0,1,0,1,67.1428571428571,63.265306122449,50,1,0.8,1,0.8,2.77258872223978,3.49650756146648
"2019-02-10","Fucsovics M.","Medvedev D.","Medvedev D.",47,16,5.5,1.14,"Hard Indoor",0,250,"Fucsovics M.",1.14,5.5,16,47,1,1,0,0,1,0,1,64.2857142857143,51.6129032258064,100,1,0.8,1,0.8,2.77258872223978,3.85014760171006
"2019-02-13","Medvedev D.","Chardy J.","Medvedev D.",16,35,1.22,4,"Hard Indoor",0,90,"Chardy J.",1.22,4,16,35,1,1,0,0,1,0,1,45.3125,47.7922077922078,0,1,0.8,0,0.6,2.77258872223978,3.55534806148941
"2019-02-14","Verdasco F.","Medvedev D.","Medvedev D.",26,16,3.25,1.33,"Hard Indoor",0,90,"Verdasco F.",1.33,3.25,16,26,1,1,0,0,1,0,1,49.5327102803738,55.2592592592593,50,1,1,1,0.6,2.77258872223978,3.25809653802148
"2019-02-15","Medvedev D.","Tsonga J.W.","Medvedev D.",16,140,1.57,2.37,"Hard Indoor",0,180,"Tsonga J.W.",1.57,2.37,16,140,1,1,0,0,1,0,1,71.6129032258065,66.5865384615385,50,1,1,1,1,2.77258872223978,4.9416424226093
"2019-02-16","Medvedev D.","Monfils G.","Monfils G.",16,33,1.4,3,"Hard Indoor",0,300,"Monfils G.",1.4,3,16,33,0,1,0,0,1,0,0,67.3611111111111,63.3603238866397,100,1,1,1,0.8,2.77258872223978,3.49650756146648
"2019-02-26","Berankis R.","Medvedev D.","Berankis R.",113,15,5.5,1.14,"Hard Outdoor",0,90,"Berankis R.",1.14,5.5,15,113,0,1,0,0,0,1,0,42.4657534246575,43.0769230769231,100,0,0.8,0,0.4,2.70805020110221,4.72738781871234
"2019-03-10","Mcdonald M.","Medvedev D.","Medvedev D.",62,15,3.75,1.25,"Hard Outdoor",0,90,"Mcdonald M.",1.25,3.75,15,62,1,1,0,0,0,1,1,36.3636363636364,36,50,0,0.6,1,0.6,2.70805020110221,4.12713438504509
"2019-03-12","Krajinovic F.","Medvedev D.","Krajinovic F.",113,15,3.5,1.3,"Hard Outdoor",0,180,"Krajinovic F.",1.3,3.5,15,113,0,1,0,0,0,1,0,43.75,46.3768115942029,50,1,0.6,1,0.6,2.70805020110221,4.72738781871234
"2019-03-23","Medvedev D.","Mannarino A.","Medvedev D.",15,55,1.3,3.4,"Hard Outdoor",0,90,"Mannarino A.",1.3,3.4,15,55,1,1,0,0,0,1,1,46.7948717948718,45.4237288135593,0,0,0.4,1,0.4,2.70805020110221,4.00733318523247
"2019-03-25","Medvedev D.","Opelka R.","Medvedev D.",15,58,1.28,3.75,"Hard Outdoor",0,180,"Opelka R.",1.28,3.75,15,58,1,1,0,0,0,1,1,42.3076923076923,46.875,100,1,0.4,1,0.6,2.70805020110221,4.06044301054642
"2019-03-27","Federer R.","Medvedev D.","Federer R.",5,15,1.3,3.5,"Hard Outdoor",0,180,"Federer R.",3.5,1.3,15,5,0,0,0,0,0,1,1,85.2233676975945,83.1515151515152,0,1,0.6,1,0.8,2.70805020110221,1.6094379124341
"2019-04-15","Sousa J.","Medvedev D.","Medvedev D.",51,14,2.37,1.53,"Clay",0,90,"Sousa J.",1.53,2.37,14,51,1,1,0,1,0,0,1,47.4576271186441,45.1263537906137,50,0,0.6,0,0.4,2.63905732961526,3.93182563272433
"2019-04-17","Medvedev D.","Albot R.","Medvedev D.",14,45,1.4,2.75,"Clay",0,90,"Albot R.",1.4,2.75,14,45,1,1,0,1,0,0,1,33.3333333333333,38.2716049382716,50,1,0.6,1,0.6,2.63905732961526,3.80666248977032
"2019-04-18","Tsitsipas S.","Medvedev D.","Medvedev D.",8,14,1.72,2.1,"Clay",0,180,"Tsitsipas S.",2.1,1.72,14,8,1,0,0,1,0,0,0,57.8947368421053,57.9545454545455,100,1,0.8,1,0.6,2.63905732961526,2.07944154167984
"2019-04-19","Medvedev D.","Djokovic N.","Medvedev D.",14,1,4.33,1.22,"Clay",0,360,"Djokovic N.",4.33,1.22,14,1,1,0,0,1,0,0,0,81.2227074235808,82.1316614420063,0,1,0.8,1,0.8,2.63905732961526,0
"2019-04-20","Medvedev D.","Lajovic D.","Lajovic D.",14,48,1.44,2.75,"Clay",0,600,"Lajovic D.",1.44,2.75,14,48,0,1,0,1,0,0,0,50,44.6428571428571,100,1,0.8,1,0.8,2.63905732961526,3.87120101090789
"2019-04-24","Ramos-Vinolas A.","Medvedev D.","Medvedev D.",83,14,2.5,1.5,"Clay",0,90,"Ramos-Vinolas A.",1.5,2.5,14,83,1,1,0,1,0,0,1,51.2,44.4444444444444,50,0,0.8,1,0.6,2.63905732961526,4.4188406077966
"2019-04-25","Medvedev D.","Mcdonald M.","Medvedev D.",14,61,1.2,4.5,"Clay",0,90,"Mcdonald M.",1.2,4.5,14,61,1,1,0,1,0,0,1,50,38.7096774193548,100,1,0.8,1,0.6,2.63905732961526,4.11087386417331
"2019-04-26","Medvedev D.","Jarry N.","Medvedev D.",14,81,1.25,4,"Clay",0,180,"Jarry N.",1.25,4,14,81,1,1,0,1,0,0,1,51.6129032258064,47.0588235294118,50,1,0.8,1,0.6,2.63905732961526,4.39444915467244
"2019-04-27","Medvedev D.","Nishikori K.","Medvedev D.",14,7,2,1.8,"Clay",0,300,"Nishikori K.",2,1.8,14,7,1,0,0,1,0,0,0,71.9298245614035,68.4863523573201,33.3333333333333,1,0.8,1,0.6,2.63905732961526,1.94591014905531
"2019-04-28","Thiem D.","Medvedev D.","Thiem D.",5,14,1.28,3.75,"Clay",0,500,"Thiem D.",3.75,1.28,14,5,0,0,0,1,0,0,1,73.469387755102,61.8374558303887,0,1,0.8,1,0.8,2.63905732961526,1.6094379124341
"2019-05-07","Medvedev D.","Pella G.","Pella G.",14,26,1.53,2.37,"Clay",0,90,"Pella G.",1.53,2.37,14,26,0,1,0,1,0,0,0,54.8780487804878,48.4615384615385,0,0,0.8,0,0.6,2.63905732961526,3.25809653802148
"2019-05-14","Kyrgios N.","Medvedev D.","Kyrgios N.",36,14,3,1.36,"Clay",0,90,"Kyrgios N.",1.36,3,14,36,0,1,0,1,0,0,0,57.8947368421053,65.7342657342657,50,0,0.6,0,0.4,2.63905732961526,3.58351893845611
"2019-05-27","Medvedev D.","Herbert P.H.","Herbert P.H.",14,43,1.33,3.4,"Clay",1,90,"Herbert P.H.",1.33,3.4,14,43,0,1,0,1,0,0,0,46.1538461538462,42.8571428571429,100,0,0.4,0,0.4,2.63905732961526,3.76120011569356
"2019-06-12","Medvedev D.","Pouille L.","Pouille L.",13,26,1.44,2.62,"Grass",0,45,"Pouille L.",1.44,2.62,13,26,0,1,1,0,0,0,0,58.3333333333333,52.9801324503311,0,0,0.2,1,0.4,2.56494935746154,3.25809653802148
"2019-06-17","Medvedev D.","Verdasco F.","Medvedev D.",13,37,1.36,3,"Grass",0,90,"Verdasco F.",1.36,3,13,37,1,1,1,0,0,0,1,53.6585365853659,55.0578034682081,66.6666666666667,0,0,0,0.4,2.56494935746154,3.61091791264422
"2019-06-20","Pouille L.","Medvedev D.","Medvedev D.",29,13,2.62,1.44,"Grass",0,90,"Pouille L.",1.44,2.62,13,29,1,1,1,0,0,0,1,59.2592592592593,53.2467532467532,0,1,0.2,1,0.6,2.56494935746154,3.36729582998647
"2019-06-21","Schwartzman D.","Medvedev D.","Medvedev D.",23,13,3.75,1.28,"Grass",0,180,"Schwartzman D.",1.28,3.75,13,23,1,1,1,0,0,0,1,27.2727272727273,51.685393258427,100,1,0.4,1,0.6,2.56494935746154,3.13549421592915
"2019-06-22","Medvedev D.","Simon G.","Simon G.",13,38,1.2,4.5,"Grass",0,300,"Simon G.",1.2,4.5,13,38,0,1,1,0,0,0,0,57.3333333333333,58.0487804878049,0,1,0.6,1,0.8,2.56494935746154,3.63758615972639
"2019-07-01","Lorenzi P.","Medvedev D.","Medvedev D.",106,13,23,1.01,"Grass",1,90,"Lorenzi P.",1.01,23,13,106,1,1,1,0,0,0,1,20.8333333333333,26.8292682926829,100,0,0.6,0,0.4,2.56494935746154,4.66343909411207
"2019-07-03","Popyrin A.","Medvedev D.","Medvedev D.",101,13,4.33,1.22,"Grass",1,90,"Popyrin A.",1.22,4.33,13,101,1,1,1,0,0,0,1,50,50,50,1,0.8,1,0.4,2.56494935746154,4.61512051684126
"2019-07-05","Goffin D.","Medvedev D.","Goffin D.",23,13,1.9,1.9,"Grass",1,180,"Goffin D.",1.9,1.9,13,23,0,1,1,0,0,0,0,55.2631578947368,64.7887323943662,100,1,0.8,1,0.8,2.56494935746154,3.13549421592915
"2019-07-30","Medvedev D.","Fratangelo B.","Medvedev D.",10,124,1.18,4.5,"Hard Outdoor",0,90,"Fratangelo B.",1.18,4.5,10,124,1,1,0,0,0,1,1,35.7142857142857,42.1052631578947,50,0,0.6,1,0.4,2.30258509299405,4.82028156560504
"2019-08-01","Medvedev D.","Tiafoe F.","Medvedev D.",10,40,1.4,3,"Hard Outdoor",0,90,"Tiafoe F.",1.4,3,10,40,1,1,0,0,0,1,1,45.4545454545455,43.6170212765958,50,1,0.6,1,0.2,2.30258509299405,3.68887945411394
"2019-08-02","Cilic M.","Medvedev D.","Medvedev D.",17,10,2.3,1.61,"Hard Outdoor",0,180,"Cilic M.",1.61,2.3,10,17,1,1,0,0,0,1,1,64.3109540636042,62.109375,50,1,0.8,1,0.6,2.30258509299405,2.83321334405622
"2019-08-04","Gojowczyk P.","Medvedev D.","Medvedev D.",122,10,5,1.16,"Hard Outdoor",0,300,"Gojowczyk P.",1.16,5,10,122,1,1,0,0,0,1,1,50.8196721311475,50.9803921568627,50,1,0.8,1,0.8,2.30258509299405,4.80402104473326
"2019-08-04","Kyrgios N.","Medvedev D.","Kyrgios N.",52,10,2.1,1.72,"Hard Outdoor",0,500,"Kyrgios N.",1.72,2.1,10,52,0,1,0,0,0,1,0,68.5950413223141,66.2251655629139,0,1,0.8,1,0.8,2.30258509299405,3.95124371858143
"2019-08-07","Medvedev D.","Edmund K.","Medvedev D.",9,33,1.53,2.37,"Hard Outdoor",0,90,"Edmund K.",1.53,2.37,9,33,1,1,0,0,0,1,1,53.1914893617021,50.6944444444444,0,0,0.8,1,0.6,2.19722457733622,3.49650756146648
"2019-08-08","Garin C.","Medvedev D.","Medvedev D.",36,9,5,1.16,"Hard Outdoor",0,180,"Garin C.",1.16,5,9,36,1,1,0,0,0,1,1,50,59.375,50,1,0.8,1,0.4,2.19722457733622,3.58351893845611
"2019-08-09","Medvedev D.","Thiem D.","Medvedev D.",9,4,1.61,2.3,"Hard Outdoor",0,360,"Thiem D.",1.61,2.3,9,4,1,1,0,0,0,1,1,60.3448275862069,62.6262626262626,0,1,0.8,1,1,2.19722457733622,1.38629436111989
"2019-08-10","Medvedev D.","Khachanov K.","Medvedev D.",9,8,1.5,2.62,"Hard Outdoor",0,600,"Khachanov K.",1.5,2.62,9,8,1,1,0,0,0,1,1,52.2388059701493,53.5211267605634,0,1,0.8,1,0.6,2.19722457733622,2.07944154167984
"2019-08-11","Medvedev D.","Nadal R.","Nadal R.",9,2,3,1.4,"Hard Outdoor",0,1000,"Nadal R.",3,1.4,9,2,0,0,0,0,0,1,1,79.8657718120805,81.7824377457405,50,1,0.8,1,0.8,2.19722457733622,0.693147180559945
"2019-08-13","Medvedev D.","Edmund K.","Medvedev D.",8,30,1.53,2.37,"Hard Outdoor",0,90,"Edmund K.",1.53,2.37,8,30,1,1,0,0,0,1,1,52.6315789473684,50.3448275862069,33.3333333333333,0,0.8,0,0.6,2.07944154167984,3.40119738166216
"2019-08-14","Paire B.","Medvedev D.","Medvedev D.",29,8,3.4,1.3,"Hard Outdoor",0,90,"Paire B.",1.3,3.4,8,29,1,1,0,0,0,1,1,45.7746478873239,48.036253776435,100,1,0.8,0,0.4,2.07944154167984,3.36729582998647
"2019-08-15","Medvedev D.","Struff J.L.","Medvedev D.",8,36,1.4,3,"Hard Outdoor",0,180,"Struff J.L.",1.4,3,8,36,1,1,0,0,0,1,1,43.4782608695652,46.5,100,1,0.8,1,0.6,2.07944154167984,3.58351893845611
"2019-08-17","Medvedev D.","Rublev A.","Medvedev D.",8,70,1.3,3.5,"Hard Outdoor",0,360,"Rublev A.",1.3,3.5,8,70,1,1,0,0,0,1,1,50,47.0588235294118,50,1,0.8,1,0.6,2.07944154167984,4.24849524204936
"2019-08-17","Djokovic N.","Medvedev D.","Medvedev D.",1,8,1.33,3.4,"Hard Outdoor",0,600,"Djokovic N.",3.4,1.33,8,1,1,0,0,0,0,1,0,86.5546218487395,82.1538461538462,33.3333333333333,1,0.8,1,1,2.07944154167984,0
"2019-08-18","Medvedev D.","Goffin D.","Medvedev D.",8,19,1.4,3,"Hard Outdoor",0,1000,"Goffin D.",1.4,3,8,19,1,1,0,0,0,1,1,59.7402597402597,58,50,1,1,1,0.8,2.07944154167984,2.94443897916644
"2019-08-26","Medvedev D.","Gunneswaran P.","Medvedev D.",5,88,1.02,19,"Hard Outdoor",1,90,"Gunneswaran P.",1.02,19,5,88,1,1,0,0,0,1,1,28.5714285714286,0,50,1,1,0,0.4,1.6094379124341,4.47733681447821
"2019-08-29","Dellien H.","Medvedev D.","Medvedev D.",84,5,19,1.02,"Hard Outdoor",1,90,"Dellien H.",1.02,19,5,84,1,1,0,0,0,1,1,0,33.3333333333333,50,1,1,0,0,1.6094379124341,4.43081679884331
"2019-08-31","Medvedev D.","Lopez F.","Medvedev D.",5,61,1.3,3.5,"Hard Outdoor",1,180,"Lopez F.",1.3,3.5,5,61,1,1,0,0,0,1,1,52.1367521367521,56.9620253164557,0,1,1,1,0.6,1.6094379124341,4.11087386417331
"2019-09-01","Medvedev D.","Koepfer D.","Medvedev D.",5,118,1.12,6,"Hard Outdoor",1,360,"Koepfer D.",1.12,6,5,118,1,1,0,0,0,1,1,57.1428571428571,80,50,1,1,1,0.6,1.6094379124341,4.77068462446567
"2019-09-03","Wawrinka S.","Medvedev D.","Medvedev D.",24,5,1.72,2.1,"Hard Outdoor",1,720,"Wawrinka S.",2.1,1.72,5,24,1,0,0,0,0,1,0,66.7741935483871,72.1052631578947,100,1,1,1,0.8,1.6094379124341,3.17805383034795
"2019-09-06","Dimitrov G.","Medvedev D.","Medvedev D.",78,5,2.75,1.44,"Hard Outdoor",1,1200,"Dimitrov G.",1.44,2.75,5,78,1,1,0,0,0,1,1,60.4651162790698,62.2222222222222,50,1,1,1,0.8,1.6094379124341,4.35670882668959
"2019-09-19","Donskoy E.","Medvedev D.","Medvedev D.",118,4,6.5,1.11,"Hard Indoor",0,45,"Donskoy E.",1.11,6.5,4,118,1,1,0,0,1,0,1,30.7692307692308,32.1739130434783,100,1,1,1,0.4,1.38629436111989,4.77068462446567
"2019-09-20","Medvedev D.","Rublev A.","Medvedev D.",4,38,1.25,4,"Hard Indoor",0,90,"Rublev A.",1.25,4,4,38,1,1,0,0,1,0,1,40,48.6238532110092,100,1,1,1,0.8,1.38629436111989,3.63758615972639
"2019-09-21","Medvedev D.","Gerasimov E.","Medvedev D.",4,119,1.14,5.5,"Hard Indoor",0,150,"Gerasimov E.",1.14,5.5,4,119,1,1,0,0,1,0,1,71.4285714285714,57.1428571428571,50,1,1,1,0.8,1.38629436111989,4.77912349311153
"2019-09-22","Coric B.","Medvedev D.","Medvedev D.",15,4,4.33,1.22,"Hard Indoor",0,250,"Coric B.",1.22,4.33,4,15,1,1,0,0,1,0,1,45.1612903225806,54.8223350253807,25,1,1,1,0.6,1.38629436111989,2.70805020110221
"2019-10-08","Medvedev D.","Norrie C.","Medvedev D.",4,64,1.12,6,"Hard Outdoor",0,90,"Norrie C.",1.12,6,4,64,1,1,0,0,0,1,1,52.3809523809524,50.7462686567164,50,1,1,1,0.4,1.38629436111989,4.15888308335967
"2019-10-10","Pospisil V.","Medvedev D.","Medvedev D.",248,4,8,1.08,"Hard Outdoor",0,180,"Pospisil V.",1.08,8,4,248,1,1,0,0,0,1,1,42.7272727272727,42.2857142857143,50,1,1,1,0.6,1.38629436111989,5.51342874616498
"2019-10-11","Medvedev D.","Fognini F.","Medvedev D.",4,12,1.22,4.33,"Hard Outdoor",0,360,"Fognini F.",1.22,4.33,4,12,1,1,0,0,0,1,1,47.5409836065574,53.1313131313131,50,1,1,1,0.8,1.38629436111989,2.484906649788
"2019-10-12","Medvedev D.","Tsitsipas S.","Medvedev D.",4,7,1.44,2.75,"Hard Outdoor",0,600,"Tsitsipas S.",1.44,2.75,4,7,1,1,0,0,0,1,1,61.1940298507463,61.1570247933884,100,1,1,1,0.8,1.38629436111989,1.94591014905531
"2019-10-13","Medvedev D.","Zverev A.","Medvedev D.",4,6,1.53,2.5,"Hard Outdoor",0,1000,"Zverev A.",1.53,2.5,4,6,1,1,0,0,0,1,1,66.9491525423729,66.7953667953668,0,1,1,1,0.8,1.38629436111989,1.79175946922805
"2019-10-29","Chardy J.","Medvedev D.","Chardy J.",65,4,5.5,1.14,"Hard Indoor",0,90,"Chardy J.",1.14,5.5,4,65,0,1,0,0,1,0,0,45.7142857142857,48.1042654028436,50,1,1,1,0.6,1.38629436111989,4.17438726989564
"2020-01-21","Tiafoe F.","Medvedev D.","Medvedev D.",50,4,9,1.07,"Hard Outdoor",1,90,"Tiafoe F.",1.07,9,4,50,1,1,0,0,0,1,1,41.3333333333333,37.5,100,0,0.8,0,0.2,1.38629436111989,3.91202300542815
"2020-01-23","Martinez P.","Medvedev D.","Medvedev D.",168,4,21,1.01,"Hard Outdoor",1,90,"Martinez P.",1.01,21,4,168,1,1,0,0,0,1,1,100,50,50,1,0.8,1,0.2,1.38629436111989,5.12396397940326
"2020-01-25","Medvedev D.","Popyrin A.","Medvedev D.",4,96,1.1,7,"Hard Outdoor",1,180,"Popyrin A.",1.1,7,4,96,1,1,0,0,0,1,1,36.3636363636364,54.5454545454545,100,1,0.8,1,0.4,1.38629436111989,4.56434819146784
"2020-01-27","Wawrinka S.","Medvedev D.","Wawrinka S.",15,4,3.75,1.28,"Hard Outdoor",1,360,"Wawrinka S.",1.28,3.75,4,15,0,1,0,0,0,1,0,66.7721518987342,72.020725388601,100,1,0.8,1,0.8,1.38629436111989,2.70805020110221
"2020-02-12","Pospisil V.","Medvedev D.","Pospisil V.",104,5,4.33,1.2,"Hard Indoor",0,90,"Pospisil V.",1.2,4.33,5,104,0,1,0,0,1,0,0,48.9795918367347,42.8571428571429,100,0,0.6,0,0.6,1.6094379124341,4.64439089914137
"2020-02-20","Medvedev D.","Sinner J.","Medvedev D.",5,68,1.25,3.75,"Hard Indoor",0,45,"Sinner J.",1.25,3.75,5,68,1,1,0,0,1,0,1,54.5454545454545,45,50,0,0.6,1,0.4,1.6094379124341,4.21950770517611
"2020-02-21","Medvedev D.","Simon G.","Simon G.",5,58,1.2,4.5,"Hard Indoor",0,90,"Simon G.",1.2,4.5,5,58,0,1,0,0,1,0,0,61.2021857923497,57.5899843505477,0,1,0.6,1,0.6,1.6094379124341,4.06044301054642
"2020-08-24","Medvedev D.","Giron M.","Medvedev D.",5,101,1.14,5.5,"Hard Outdoor",0,90,"Giron M.",1.14,5.5,5,101,1,1,0,0,0,1,1,38.4615384615385,45.4545454545455,50,0,0.4,1,0.4,1.6094379124341,4.61512051684126
"2020-08-25","Bedene A.","Medvedev D.","Medvedev D.",61,5,4.33,1.2,"Hard Outdoor",0,180,"Bedene A.",1.2,4.33,5,61,1,1,0,0,0,1,1,46.2686567164179,50.2673796791444,50,1,0.4,1,0.6,1.6094379124341,4.11087386417331
"2020-08-26","Medvedev D.","Bautista Agut R.","Bautista Agut R.",5,12,1.4,3,"Hard Outdoor",0,360,"Bautista Agut R.",1.4,3,5,12,0,1,0,0,0,1,0,69.9029126213592,64.9717514124294,0,1,0.6,1,0.6,1.6094379124341,2.484906649788
"2020-09-02","Delbonis F.","Medvedev D.","Medvedev D.",79,5,17,1.02,"Hard Outdoor",1,90,"Delbonis F.",1.02,17,5,79,1,1,0,0,0,1,1,32.2033898305085,23.3333333333333,50,0,0.6,0,0.4,1.6094379124341,4.36944785246702
"2020-09-04","Medvedev D.","O Connell C.","Medvedev D.",5,116,1.01,23,"Hard Outdoor",1,90,"O Connell C.",1.01,23,5,116,1,1,0,0,0,1,1,100,100,50,1,0.6,1,0.2,1.6094379124341,4.75359019110636
"2020-09-05","Medvedev D.","Wolf J.J.","Medvedev D.",5,138,1.06,10,"Hard Outdoor",1,180,"Wolf J.J.",1.06,10,5,138,1,1,0,0,0,1,1,66.6666666666667,100,50,1,0.8,1,0.4,1.6094379124341,4.92725368515721
"2020-09-08","Tiafoe F.","Medvedev D.","Medvedev D.",82,5,6,1.12,"Hard Outdoor",1,360,"Tiafoe F.",1.12,6,5,82,1,1,0,0,0,1,1,42.8571428571429,42.8571428571429,100,1,0.8,1,0.6,1.6094379124341,4.40671924726425
"2020-09-09","Medvedev D.","Rublev A.","Medvedev D.",5,14,1.25,4,"Hard Outdoor",1,720,"Rublev A.",1.25,4,5,14,1,1,0,0,0,1,1,59.1397849462366,62.0689655172414,100,1,0.8,1,0.8,1.6094379124341,2.63905732961526
"2020-09-12","Medvedev D.","Thiem D.","Thiem D.",5,3,1.8,2,"Hard Outdoor",1,1200,"Thiem D.",1.8,2,5,3,0,1,0,0,0,1,0,63.0434782608696,74.1176470588235,33.3333333333333,1,1,1,0.8,1.6094379124341,1.09861228866811
"2020-09-22","Medvedev D.","Humbert U.","Humbert U.",5,41,1.18,4.5,"Clay",0,90,"Humbert U.",1.18,4.5,5,41,0,1,0,1,0,0,0,37.5,48.9795918367347,50,0,0.8,0,0.6,1.6094379124341,3.71357206670431
"2020-09-28","Medvedev D.","Fucsovics M.","Fucsovics M.",5,63,1.22,4.33,"Clay",1,90,"Fucsovics M.",1.22,4.33,5,63,0,1,0,1,0,0,0,44.7368421052632,45.8333333333333,100,0,0.6,0,0.6,1.6094379124341,4.14313472639153
"2020-10-14","Gasquet R.","Medvedev D.","Medvedev D.",53,6,6,1.12,"Hard Indoor",0,45,"Gasquet R.",1.12,6,6,53,1,1,0,0,1,0,1,64.1975308641975,63.015873015873,0,0,0.4,0,0.4,1.79175946922805,3.97029191355212
"2020-10-15","Medvedev D.","Opelka R.","Opelka R.",6,36,1.2,4.33,"Hard Indoor",0,45,"Opelka R.",1.2,4.33,6,36,0,1,0,0,1,0,0,71.4285714285714,54.9295774647887,100,1,0.4,1,0.6,1.79175946922805,3.58351893845611
"2020-10-28","Jung J.","Medvedev D.","Medvedev D.",127,6,8,1.08,"Hard Indoor",0,90,"Jung J.",1.08,8,6,127,1,1,0,0,1,0,1,71.4285714285714,36.8421052631579,50,0,0.2,0,0.4,1.79175946922805,4.84418708645859
"2020-10-29","Pospisil V.","Medvedev D.","Medvedev D.",81,6,3.75,1.25,"Hard Indoor",0,90,"Pospisil V.",1.25,3.75,6,81,1,1,0,0,1,0,1,50,43.3862433862434,50,1,0.4,1,0.4,1.79175946922805,4.39444915467244
"2020-10-30","Anderson K.","Medvedev D.","Anderson K.",111,6,4.33,1.2,"Hard Indoor",0,180,"Anderson K.",1.2,4.33,6,111,0,1,0,0,1,0,0,54.6666666666667,56.9739952718676,50,1,0.6,1,0.8,1.79175946922805,4.70953020131233
"2020-11-05","Medvedev D.","De Minaur A.","Medvedev D.",5,25,1.53,2.5,"Hard Indoor",0,180,"De Minaur A.",1.53,2.5,5,25,1,1,0,0,1,0,1,70.5882352941177,59.3023255813954,100,0,0.6,1,0.8,1.6094379124341,3.2188758248682
"2020-11-06","Schwartzman D.","Medvedev D.","Medvedev D.",9,5,2.75,1.44,"Hard Indoor",0,360,"Schwartzman D.",1.44,2.75,5,9,1,1,0,0,1,0,1,64.7058823529412,54.7945205479452,100,1,0.6,1,0.8,1.6094379124341,2.19722457733622
"2020-11-07","Raonic M.","Medvedev D.","Medvedev D.",17,5,2.75,1.44,"Hard Indoor",0,600,"Raonic M.",1.44,2.75,5,17,1,1,0,0,1,0,1,67.741935483871,67.6315789473684,100,1,0.8,1,1,1.6094379124341,2.83321334405622
"2020-11-08","Zverev A.","Medvedev D.","Medvedev D.",7,5,1.9,1.9,"Hard Indoor",0,1000,"Zverev A.",1.9,1.9,5,7,1,1,0,0,1,0,1,66.6666666666667,67.2661870503597,20,1,0.8,1,1,1.6094379124341,1.94591014905531
"2020-11-16","Medvedev D.","Zverev A.","Medvedev D.",4,7,1.7,2.05,"Hard Indoor",0,600,"Zverev A.",1.7,2.05,4,7,1,1,0,0,1,0,1,65.6716417910448,67.0250896057348,33.3333333333333,1,0.8,0,0.8,1.38629436111989,1.94591014905531
"2020-11-18","Medvedev D.","Djokovic N.","Medvedev D.",4,1,2.75,1.4,"Hard Indoor",0,600,"Djokovic N.",2.75,1.4,4,1,1,0,0,0,1,0,0,77.536231884058,82.6023391812866,50,1,1,1,0.6,1.38629436111989,0
"2020-11-20","Medvedev D.","Schwartzman D.","Medvedev D.",4,9,1.25,3.75,"Hard Indoor",0,600,"Schwartzman D.",1.25,3.75,4,9,1,1,0,0,1,0,1,59.4594594594595,54.0540540540541,100,1,1,0,0.4,1.38629436111989,2.19722457733622
"2020-11-21","Medvedev D.","Nadal R.","Medvedev D.",4,2,1.75,2,"Hard Indoor",0,1000,"Nadal R.",1.75,2,4,2,1,1,0,0,1,0,1,68.0851063829787,81.8414322250639,0,1,1,1,0.6,1.38629436111989,0.693147180559945
"2020-11-22","Thiem D.","Medvedev D.","Medvedev D.",3,4,2.2,1.66,"Hard Indoor",0,1500,"Thiem D.",1.66,2.2,4,3,1,1,0,0,1,0,1,56.7567567567568,63.4674922600619,25,1,1,1,0.6,1.38629436111989,1.09861228866811
"2021-02-09","Medvedev D.","Pospisil V.","Medvedev D.",4,63,1.04,13,"Hard Outdoor",1,90,"Pospisil V.",1.04,13,4,63,1,1,0,0,0,1,1,43.2203389830509,37.2093023255814,66.6666666666667,1,1,0,0.8,1.38629436111989,4.14313472639153
"2021-02-11","Medvedev D.","Carballes Baena R.","Medvedev D.",4,99,1.005,29,"Hard Outdoor",1,90,"Carballes Baena R.",1.005,29,4,99,1,1,0,0,0,1,1,40,37.5,50,1,1,1,0.4,1.38629436111989,4.59511985013459
"2021-02-13","Krajinovic F.","Medvedev D.","Medvedev D.",33,4,11,1.05,"Hard Outdoor",1,180,"Krajinovic F.",1.05,11,4,33,1,1,0,0,0,1,1,50,41.6666666666667,0,1,1,1,0.4,1.38629436111989,3.49650756146648
"2021-02-15","Mcdonald M.","Medvedev D.","Medvedev D.",192,4,15,1.03,"Hard Outdoor",1,360,"Mcdonald M.",1.03,15,4,192,1,1,0,0,0,1,1,37.8378378378378,50,100,1,1,1,0.8,1.38629436111989,5.25749537202778
"2021-02-17","Rublev A.","Medvedev D.","Medvedev D.",8,4,2.75,1.44,"Hard Outdoor",1,720,"Rublev A.",1.44,2.75,4,8,1,1,0,0,0,1,1,59.7938144329897,65.7894736842105,100,1,1,1,0.8,1.38629436111989,2.07944154167984
"2021-02-19","Medvedev D.","Tsitsipas S.","Medvedev D.",4,6,1.4,3,"Hard Outdoor",1,1200,"Tsitsipas S.",1.4,3,4,6,1,1,0,0,0,1,1,63.5294117647059,64.8648648648649,100,1,1,1,0.8,1.38629436111989,1.79175946922805
"2021-02-21","Medvedev D.","Djokovic N.","Djokovic N.",4,1,2,1.83,"Hard Outdoor",1,2000,"Djokovic N.",2,1.83,4,1,0,0,0,0,0,1,1,87.15953307393,88.109756097561,60,1,1,1,1,1.38629436111989,0
"2021-03-03","Medvedev D.","Lajovic D.","Lajovic D.",3,27,1.08,8,"Hard Indoor",0,90,"Lajovic D.",1.08,8,3,27,0,1,0,0,1,0,0,28.5714285714286,42.5837320574163,50,0,0.8,0,0.6,1.09861228866811,3.29583686600433
"2021-03-11","Medvedev D.","Gerasimov E.","Medvedev D.",3,76,1.14,5.5,"Hard Indoor",0,45,"Gerasimov E.",1.14,5.5,3,76,1,1,0,0,1,0,1,57.1428571428571,58.695652173913,100,0,0.6,1,0.6,1.09861228866811,4.33073334028633
"2021-03-12","Sinner J.","Medvedev D.","Medvedev D.",34,3,3.4,1.33,"Hard Indoor",0,90,"Sinner J.",1.33,3.4,3,34,1,1,0,0,1,0,1,68,63.6363636363636,100,1,0.6,1,0.6,1.09861228866811,3.52636052461616
"2021-03-14","Herbert P.H.","Medvedev D.","Medvedev D.",93,3,4.5,1.2,"Hard Indoor",0,250,"Herbert P.H.",1.2,4.5,3,93,1,1,0,0,1,0,1,45.1612903225806,45.3900709219858,50,1,0.6,1,0.8,1.09861228866811,4.53259949315326
"2021-03-26","Lu Y.","Medvedev D.","Medvedev D.",1020,2,23,1.01,"Hard Outdoor",0,90,"Lu Y.",1.01,23,2,1020,1,1,0,0,0,1,1,16.6666666666667,20,50,1,0.6,1,0.2,0.693147180559945,6.92755790627832
"2021-03-28","Medvedev D.","Popyrin A.","Medvedev D.",2,86,1.11,6.5,"Hard Outdoor",0,180,"Popyrin A.",1.11,6.5,2,86,1,1,0,0,0,1,1,43.75,41.025641025641,100,1,0.8,1,0.8,0.693147180559945,4.45434729625351
"2021-03-30","Tiafoe F.","Medvedev D.","Medvedev D.",58,2,5.5,1.14,"Hard Outdoor",0,180,"Tiafoe F.",1.14,5.5,2,58,1,1,0,0,0,1,1,45.2631578947368,44.2748091603053,100,1,1,1,0.8,0.693147180559945,4.06044301054642
"2021-04-01","Bautista Agut R.","Medvedev D.","Bautista Agut R.",12,2,3.5,1.3,"Hard Outdoor",0,360,"Bautista Agut R.",1.3,3.5,2,12,0,1,0,0,0,1,0,69.2307692307692,65.1515151515152,0,1,1,1,0.6,0.693147180559945,2.484906649788
"2021-05-05","Medvedev D.","Davidovich Fokina A.","Medvedev D.",3,49,1.57,2.37,"Clay",0,90,"Davidovich Fokina A.",1.57,2.37,3,49,1,1,0,1,0,0,1,50,54.7619047619048,50,0,0.8,1,0.8,1.09861228866811,3.89182029811063
"2021-05-06","Medvedev D.","Garin C.","Garin C.",3,25,1.61,2.3,"Clay",0,180,"Garin C.",1.61,2.3,3,25,0,1,0,1,0,0,0,65.3846153846154,57.5342465753425,100,1,0.8,1,0.4,1.09861228866811,3.2188758248682
"2021-05-12","Karatsev A.","Medvedev D.","Karatsev A.",27,2,1.8,2,"Clay",0,90,"Karatsev A.",2,1.8,2,27,0,0,0,1,0,0,1,70,56.6666666666667,50,0,0.6,1,0.6,0.693147180559945,3.29583686600433
"2021-05-31","Bublik A.","Medvedev D.","Medvedev D.",37,2,3,1.4,"Clay",1,90,"Bublik A.",1.4,3,2,37,1,1,0,1,0,0,1,45,40,100,0,0.4,0,0.6,0.693147180559945,3.61091791264422
"2021-06-02","Medvedev D.","Paul T.","Medvedev D.",2,52,1.28,3.75,"Clay",1,90,"Paul T.",1.28,3.75,2,52,1,1,0,1,0,0,1,50,41.6666666666667,50,1,0.4,1,0.8,0.693147180559945,3.95124371858143
"2021-06-04","Medvedev D.","Opelka R.","Medvedev D.",2,35,1.3,3.5,"Clay",1,180,"Opelka R.",1.3,3.5,2,35,1,1,0,1,0,0,1,42.1052631578947,43.75,66.6666666666667,1,0.6,1,0.6,0.693147180559945,3.55534806148941
"2021-06-06","Garin C.","Medvedev D.","Medvedev D.",23,2,3.2,1.36,"Clay",1,360,"Garin C.",1.36,3.2,2,23,1,1,0,1,0,0,1,66.1016949152542,50,50,1,0.6,1,0.8,0.693147180559945,3.13549421592915
"2021-06-08","Medvedev D.","Tsitsipas S.","Tsitsipas S.",2,5,2.75,1.44,"Clay",1,720,"Tsitsipas S.",2.75,1.44,2,5,0,0,0,1,0,0,1,73.2394366197183,66.6666666666667,100,1,0.8,1,1,0.693147180559945,1.6094379124341
"2021-06-15","Medvedev D.","Struff J.L.","Struff J.L.",2,45,1.28,3.75,"Grass",0,90,"Struff J.L.",1.28,3.75,2,45,0,1,1,0,0,0,0,37.5,46.2450592885375,100,0,0.8,0,0.6,0.693147180559945,3.80666248977032
"2021-06-22","Medvedev D.","Moutet C.","Medvedev D.",2,85,1.14,5.5,"Grass",0,45,"Moutet C.",1.14,5.5,2,85,1,1,1,0,0,0,1,50,44.6808510638298,50,0,0.6,1,0.2,0.693147180559945,4.44265125649032
"2021-06-24","Medvedev D.","Ruud C.","Medvedev D.",2,14,1.2,4.5,"Grass",0,90,"Ruud C.",1.2,4.5,2,14,1,1,1,0,0,0,1,66.6666666666667,57.9545454545455,50,1,0.6,1,0.8,0.693147180559945,2.63905732961526
"2021-06-25","Carreno Busta P.","Medvedev D.","Medvedev D.",13,2,4.5,1.2,"Grass",0,150,"Carreno Busta P.",1.2,4.5,2,13,1,1,1,0,0,0,1,44.4444444444444,59.2783505154639,66.6666666666667,1,0.6,1,0.8,0.693147180559945,2.56494935746154
"2021-06-26","Querrey S.","Medvedev D.","Medvedev D.",60,2,3.75,1.28,"Grass",0,250,"Querrey S.",1.28,3.75,2,60,1,1,1,0,0,0,1,65.0943396226415,55.8365758754864,100,1,0.6,1,0.6,0.693147180559945,4.0943445622221
"2021-06-29","Struff J.L.","Medvedev D.","Medvedev D.",45,2,5.5,1.14,"Grass",1,90,"Struff J.L.",1.14,5.5,2,45,1,1,1,0,0,0,1,37.1428571428571,41.1764705882353,75,1,0.8,0,0.4,0.693147180559945,3.80666248977032
"2021-07-01","Alcaraz C.","Medvedev D.","Medvedev D.",75,2,11,1.05,"Grass",1,90,"Alcaraz C.",1.05,11,2,75,1,1,1,0,0,0,1,100,66.6666666666667,50,1,1,1,0.6,0.693147180559945,4.31748811353631
"2021-07-03","Cilic M.","Medvedev D.","Medvedev D.",37,2,5,1.16,"Grass",0,180,"Cilic M.",1.16,5,2,37,1,1,1,0,0,0,1,71.7171717171717,61.0320284697509,100,1,1,1,0.8,0.693147180559945,3.61091791264422
"2021-07-06","Medvedev D.","Hurkacz H.","Hurkacz H.",2,18,1.16,5,"Grass",1,360,"Hurkacz H.",1.16,5,2,18,0,1,1,0,0,0,0,53.8461538461538,40,50,1,1,1,0.6,0.693147180559945,2.89037175789616
"2021-08-10","Bublik A.","Medvedev D.","Medvedev D.",38,2,4.5,1.2,"Hard Outdoor",0,90,"Bublik A.",1.2,4.5,2,38,1,1,0,0,0,1,1,50,53.1914893617021,100,0,0.8,1,0.6,0.693147180559945,3.63758615972639
"2021-08-13","Medvedev D.","Duckworth J.","Medvedev D.",2,85,1.08,8,"Hard Outdoor",0,180,"Duckworth J.",1.08,8,2,85,1,1,0,0,0,1,1,38.8059701492537,40.625,50,1,0.8,1,0.6,0.693147180559945,4.44265125649032
"2021-08-14","Medvedev D.","Hurkacz H.","Medvedev D.",2,13,1.22,4.33,"Hard Outdoor",0,360,"Hurkacz H.",1.22,4.33,2,13,1,1,0,0,0,1,1,60.655737704918,53.2608695652174,0,1,0.8,1,0.8,0.693147180559945,2.56494935746154
"2021-08-15","Isner J.","Medvedev D.","Medvedev D.",30,2,3.5,1.3,"Hard Outdoor",0,600,"Isner J.",1.3,3.5,2,30,1,1,0,0,0,1,1,67.0761670761671,63.0630630630631,50,1,0.8,1,1,0.693147180559945,3.40119738166216
"2021-08-15","Medvedev D.","Opelka R.","Medvedev D.",2,32,1.16,5,"Hard Outdoor",0,1000,"Opelka R.",1.16,5,2,32,1,1,0,0,0,1,1,54.2857142857143,53.6082474226804,75,1,0.8,1,1,0.693147180559945,3.46573590279973
"2021-08-18","Medvedev D.","Mcdonald M.","Medvedev D.",2,64,1.16,5,"Hard Outdoor",0,90,"Mcdonald M.",1.16,5,2,64,1,1,0,0,0,1,1,42,40.9836065573771,100,1,1,1,0.6,0.693147180559945,4.15888308335967
"2021-08-19","Dimitrov G.","Medvedev D.","Medvedev D.",21,2,5,1.16,"Hard Outdoor",0,180,"Dimitrov G.",1.16,5,2,21,1,1,0,0,0,1,1,59.6707818930041,58.3924349881797,66.6666666666667,1,1,1,0.4,0.693147180559945,3.04452243772342
"2021-08-20","Medvedev D.","Carreno Busta P.","Medvedev D.",2,13,1.28,3.75,"Hard Outdoor",0,360,"Carreno Busta P.",1.28,3.75,2,13,1,1,0,0,0,1,1,65.7407407407407,60.1990049751244,75,1,1,1,1,0.693147180559945,2.56494935746154
"2021-08-21","Medvedev D.","Rublev A.","Rublev A.",2,7,1.22,4.33,"Hard Outdoor",0,600,"Rublev A.",1.22,4.33,2,7,0,1,0,0,0,1,0,61.0619469026549,60.9137055837564,100,1,1,1,0.8,0.693147180559945,1.94591014905531
"2021-08-31","Gasquet R.","Medvedev D.","Medvedev D.",79,2,13,1.04,"Hard Outdoor",1,90,"Gasquet R.",1.04,13,2,79,1,1,0,0,0,1,1,60.8695652173913,63.4146341463415,50,0,0.8,0,0.4,0.693147180559945,4.36944785246702
"2021-09-01","Medvedev D.","Koepfer D.","Medvedev D.",2,57,1.02,17,"Hard Outdoor",1,90,"Koepfer D.",1.02,17,2,57,1,1,0,0,0,1,1,45.8333333333333,57.8947368421053,100,1,0.8,1,0.6,0.693147180559945,4.04305126783455
"2021-09-03","Medvedev D.","Andujar P.","Medvedev D.",2,74,1.01,23,"Hard Outdoor",1,180,"Andujar P.",1.01,23,2,74,1,1,0,0,0,1,1,27.8350515463918,37.5,50,1,0.8,1,0.6,0.693147180559945,4.30406509320417
"2021-09-05","Medvedev D.","Evans D.","Medvedev D.",2,27,1.03,15,"Hard Outdoor",1,360,"Evans D.",1.03,15,2,27,1,1,0,0,0,1,1,55.2941176470588,53.8461538461538,50,1,0.8,1,0.8,0.693147180559945,3.29583686600433
"2021-09-07","Van De Zandschulp B.","Medvedev D.","Medvedev D.",117,2,19,1.02,"Hard Outdoor",1,720,"Van De Zandschulp B.",1.02,19,2,117,1,1,0,0,0,1,1,77.7777777777778,66.6666666666667,50,1,0.8,1,0.8,0.693147180559945,4.76217393479776
"2021-09-10","Medvedev D.","Auger-Aliassime F.","Medvedev D.",2,15,1.16,5,"Hard Outdoor",1,1200,"Auger-Aliassime F.",1.16,5,2,15,1,1,0,0,0,1,1,60.3174603174603,65.2173913043478,100,1,1,1,0.8,0.693147180559945,2.70805020110221
"2021-09-12","Medvedev D.","Djokovic N.","Medvedev D.",2,1,3,1.4,"Hard Outdoor",1,2000,"Djokovic N.",3,1.4,2,1,1,0,0,0,0,1,0,87.3320537428023,88.728323699422,50,1,1,1,1,0.693147180559945,0
"2021-10-10","Medvedev D.","Mcdonald M.","Medvedev D.",2,57,1.06,10,"Hard Outdoor",0,90,"Mcdonald M.",1.06,10,2,57,1,1,0,0,0,1,1,42.5925925925926,41.2698412698413,100,1,1,1,0.6,0.693147180559945,4.04305126783455
"2021-10-12","Krajinovic F.","Medvedev D.","Medvedev D.",34,2,8,1.08,"Hard Outdoor",0,180,"Krajinovic F.",1.08,8,2,34,1,1,0,0,0,1,1,47.6190476190476,53.0612244897959,50,1,1,1,0.8,0.693147180559945,3.52636052461616
"2021-10-13","Dimitrov G.","Medvedev D.","Dimitrov G.",28,2,6,1.12,"Hard Outdoor",0,180,"Dimitrov G.",1.12,6,2,28,0,1,0,0,0,1,0,60.1593625498008,58.6046511627907,75,1,1,1,0.8,0.693147180559945,3.3322045101752
"2021-11-03","Ivashka I.","Medvedev D.","Medvedev D.",46,2,6,1.12,"Hard Indoor",0,90,"Ivashka I.",1.12,6,2,46,1,1,0,0,1,0,1,60,54.7945205479452,50,0,0.8,1,0.6,0.693147180559945,3.8286413964891
"2021-11-04","Korda S.","Medvedev D.","Medvedev D.",39,2,5,1.16,"Hard Indoor",0,180,"Korda S.",1.16,5,2,39,1,1,0,0,1,0,1,57.1428571428571,61.5384615384615,50,1,0.8,1,0.6,0.693147180559945,3.66356164612965
"2021-11-05","Gaston H.","Medvedev D.","Medvedev D.",103,2,7,1.1,"Hard Indoor",0,360,"Gaston H.",1.1,7,2,103,1,1,0,0,1,0,1,50,60,50,1,0.8,1,0.8,0.693147180559945,4.63472898822964
"2021-11-06","Medvedev D.","Zverev A.","Medvedev D.",2,4,1.72,2.1,"Hard Indoor",0,600,"Zverev A.",1.72,2.1,2,4,1,1,0,0,1,0,1,67.0886075949367,68.3385579937304,42.8571428571429,1,0.8,1,1,0.693147180559945,1.38629436111989
"2021-11-07","Medvedev D.","Djokovic N.","Djokovic N.",2,1,1.8,2,"Hard Indoor",0,1000,"Djokovic N.",1.8,2,2,1,0,1,0,0,1,0,0,77.0833333333333,82.3863636363636,57.1428571428571,1,0.8,1,0.8,0.693147180559945,0
"2021-11-14","Medvedev D.","Hurkacz H.","Medvedev D.",2,9,1.2,4.5,"Hard Indoor",0,600,"Hurkacz H.",1.2,4.5,2,9,1,1,0,0,1,0,1,48.1481481481481,55.8558558558559,50,0,0.8,0,0.6,0.693147180559945,2.19722457733622
"2021-11-16","Zverev A.","Medvedev D.","Medvedev D.",3,2,2.5,1.53,"Hard Indoor",0,600,"Zverev A.",1.53,2.5,2,3,1,1,0,0,1,0,1,66.25,68.125,50,1,0.8,0,0.8,0.693147180559945,1.09861228866811
"2021-11-18","Medvedev D.","Sinner J.","Medvedev D.",2,11,1.4,2.75,"Hard Indoor",0,600,"Sinner J.",1.4,2.75,2,11,1,1,0,0,1,0,1,70.7317073170732,65.2173913043478,100,1,0.8,1,0.4,0.693147180559945,2.39789527279837
"2021-11-20","Ruud C.","Medvedev D.","Medvedev D.",8,2,5.5,1.14,"Hard Indoor",0,1000,"Ruud C.",1.14,5.5,2,8,1,1,0,0,1,0,1,50,63.9344262295082,100,1,0.8,1,0.6,0.693147180559945,2.07944154167984
"2021-11-21","Medvedev D.","Zverev A.","Zverev A.",2,3,1.53,2.5,"Hard Indoor",0,1500,"Zverev A.",1.53,2.5,2,3,0,1,0,0,1,0,0,66.2650602409639,68.1114551083591,55.5555555555556,1,0.8,1,0.6,0.693147180559945,1.09861228866811
"2022-01-18","Medvedev D.","Laaksonen H.","Medvedev D.",2,91,1.01,21,"Hard Outdoor",1,90,"Laaksonen H.",1.01,21,2,91,1,1,0,0,0,1,1,39.1304347826087,46.6666666666667,50,0,0.8,0,0.4,0.693147180559945,4.51085950651685
"2022-01-20","Kyrgios N.","Medvedev D.","Medvedev D.",115,2,5,1.16,"Hard Outdoor",1,90,"Kyrgios N.",1.16,5,2,115,1,1,0,0,0,1,1,66.4383561643836,65.2173913043478,0,1,0.8,1,0.2,0.693147180559945,4.74493212836325
"2022-01-22","Medvedev D.","Van De Zandschulp B.","Medvedev D.",2,57,1.03,15,"Hard Outdoor",1,180,"Van De Zandschulp B.",1.03,15,2,57,1,1,0,0,0,1,1,62.5,63.6363636363636,100,1,0.8,1,0.6,0.693147180559945,4.04305126783455
"2022-01-24","Medvedev D.","Cressy M.","Medvedev D.",2,70,1.03,15,"Hard Outdoor",1,360,"Cressy M.",1.03,15,2,70,1,1,0,0,0,1,1,65,66.6666666666667,50,1,0.8,1,0.8,0.693147180559945,4.24849524204936
"2022-01-26","Medvedev D.","Auger-Aliassime F.","Medvedev D.",2,9,1.12,6,"Hard Outdoor",1,720,"Auger-Aliassime F.",1.12,6,2,9,1,1,0,0,0,1,1,60.8695652173913,67.8571428571429,100,1,0.8,1,0.8,0.693147180559945,2.19722457733622
"2022-01-28","Medvedev D.","Tsitsipas S.","Medvedev D.",2,4,1.36,3.2,"Hard Outdoor",1,1200,"Tsitsipas S.",1.36,3.2,2,4,1,1,0,0,0,1,1,66.9565217391304,68.5185185185185,85.7142857142857,1,1,1,1,0.693147180559945,1.38629436111989
"2022-01-30","Medvedev D.","Nadal R.","Nadal R.",2,5,1.53,2.62,"Hard Outdoor",1,2000,"Nadal R.",1.53,2.62,2,5,0,1,0,0,0,1,0,80.5439330543933,88.2530120481928,50,1,1,1,1,0.693147180559945,1.6094379124341
"2022-02-23","Paire B.","Medvedev D.","Medvedev D.",49,2,10,1.06,"Hard Outdoor",0,90,"Paire B.",1.06,10,2,49,1,1,0,0,0,1,1,46.448087431694,46.3476070528967,100,0,0.8,0,0.2,0.693147180559945,3.89182029811063
"2022-02-24","Andujar P.","Medvedev D.","Medvedev D.",68,2,17,1.02,"Hard Outdoor",0,90,"Andujar P.",1.02,17,2,68,1,1,0,0,0,1,1,29.126213592233,41.4473684210526,100,1,0.8,1,0.6,0.693147180559945,4.21950770517611
"2022-02-24","Medvedev D.","Nishioka Y.","Medvedev D.",2,103,1.06,10,"Hard Outdoor",0,180,"Nishioka Y.",1.06,10,2,103,1,1,0,0,0,1,1,48.936170212766,48.7394957983193,50,1,0.8,1,0.4,0.693147180559945,4.63472898822964
"2022-02-26","Medvedev D.","Nadal R.","Nadal R.",2,5,1.66,2.2,"Hard Outdoor",0,300,"Nadal R.",1.66,2.2,2,5,0,1,0,0,0,1,0,80.7053941908714,81.908302354399,33.3333333333333,1,0.8,1,1,0.693147180559945,1.6094379124341
"2022-03-12","Medvedev D.","Machac T.","Medvedev D.",1,158,1.05,11,"Hard Outdoor",0,90,"Machac T.",1.05,11,1,158,1,1,0,0,0,1,1,40,50,50,0,0.6,1,0.6,0,5.06259503302697
"2022-03-14","Medvedev D.","Monfils G.","Monfils G.",1,28,1.12,6,"Hard Outdoor",0,180,"Monfils G.",1.12,6,1,28,0,1,0,0,0,1,0,66.7785234899329,63.7152777777778,50,1,0.8,1,0.6,0,3.3322045101752
"2022-03-26","Murray A.","Medvedev D.","Medvedev D.",85,2,6,1.12,"Hard Outdoor",0,90,"Murray A.",1.12,6,2,85,1,1,0,0,0,1,1,75.177304964539,73.0508474576271,100,0,0.6,1,0.6,0.693147180559945,4.44265125649032
"2022-03-28","Martinez P.","Medvedev D.","Medvedev D.",47,2,11,1.05,"Hard Outdoor",0,180,"Martinez P.",1.05,11,2,47,1,1,0,0,0,1,1,47.6190476190476,46.8085106382979,100,1,0.6,1,0.6,0.693147180559945,3.85014760171006
"2022-03-29","Brooksby J.","Medvedev D.","Medvedev D.",39,2,5,1.16,"Hard Outdoor",0,180,"Brooksby J.",1.16,5,2,39,1,1,0,0,0,1,1,65.2173913043478,72.4137931034483,50,1,0.6,1,0.8,0.693147180559945,3.66356164612965
"2022-03-31","Medvedev D.","Hurkacz H.","Hurkacz H.",2,10,1.25,4,"Hard Outdoor",0,360,"Hurkacz H.",1.25,4,2,10,0,1,0,0,0,1,0,62.3529411764706,56.3492063492063,66.6666666666667,1,0.8,1,0.8,0.693147180559945,2.30258509299405
"2022-05-17","Gasquet R.","Medvedev D.","Gasquet R.",75,2,3,1.4,"Clay",0,45,"Gasquet R.",1.4,3,2,75,0,1,0,1,0,0,0,62.6050420168067,62.1861152141802,66.6666666666667,0,0.6,1,0.6,0.693147180559945,4.31748811353631
"2022-05-24","Bagnis F.","Medvedev D.","Medvedev D.",103,2,7,1.1,"Clay",1,90,"Bagnis F.",1.1,7,2,103,1,1,0,1,0,0,1,31.5789473684211,29.4117647058824,50,0,0.6,0,0.2,0.693147180559945,4.63472898822964
"2022-05-26","Medvedev D.","Djere L.","Medvedev D.",2,56,1.36,3.2,"Clay",1,90,"Djere L.",1.36,3.2,2,56,1,1,0,1,0,0,1,61.0526315789474,29.1666666666667,50,1,0.6,1,0.6,0.693147180559945,4.02535169073515
"2022-05-28","Medvedev D.","Kecmanovic M.","Medvedev D.",2,31,1.66,2.2,"Clay",1,180,"Kecmanovic M.",1.66,2.2,2,31,1,1,0,1,0,0,1,53.6585365853659,52.1739130434783,50,1,0.6,1,0.6,0.693147180559945,3.43398720448515
"2022-05-30","Cilic M.","Medvedev D.","Cilic M.",23,2,3.75,1.28,"Clay",1,360,"Cilic M.",1.28,3.75,2,23,0,1,0,1,0,0,0,58.974358974359,71.1111111111111,100,1,0.6,1,0.8,0.693147180559945,3.13549421592915
"2022-06-09","Simon G.","Medvedev D.","Medvedev D.",134,2,10,1.06,"Grass",0,45,"Simon G.",1.06,10,2,134,1,1,1,0,0,0,1,54.6511627906977,56.3988095238095,0,0,0.6,0,0.4,0.693147180559945,4.89783979995091
"2022-06-10","Medvedev D.","Ivashka I.","Medvedev D.",2,49,1.2,4.5,"Grass",0,90,"Ivashka I.",1.2,4.5,2,49,1,1,1,0,0,0,1,64.2857142857143,52.6881720430108,100,1,0.8,1,0.6,0.693147180559945,3.89182029811063
"2022-06-11","Medvedev D.","Mannarino A.","Medvedev D.",2,70,1.22,4.33,"Grass",0,150,"Mannarino A.",1.22,4.33,2,70,1,1,1,0,0,0,1,58.4269662921348,45.8128078817734,25,1,0.8,1,0.6,0.693147180559945,4.24849524204936
"2022-06-12","Medvedev D.","Van Rijthoven T.","Van Rijthoven T.",2,205,1.14,5.5,"Grass",0,250,"Van Rijthoven T.",1.14,5.5,2,205,0,1,1,0,0,0,0,100,80,50,1,0.8,1,0.8,0.693147180559945,5.32300997913841
"2022-06-15","Medvedev D.","Goffin D.","Medvedev D.",1,39,1.2,4.5,"Grass",0,90,"Goffin D.",1.2,4.5,1,39,1,1,1,0,0,0,1,56.0975609756098,56.7204301075269,66.6666666666667,0,0.6,0,0.6,0,3.66356164612965
"2022-06-16","Ivashka I.","Medvedev D.","Medvedev D.",42,1,5,1.16,"Grass",0,90,"Ivashka I.",1.16,5,1,42,1,1,1,0,0,0,1,62.5,52.6315789473684,100,1,0.8,1,0.6,0,3.73766961828337
"2022-06-17","Medvedev D.","Bautista Agut R.","Medvedev D.",1,20,1.33,3.4,"Grass",0,180,"Bautista Agut R.",1.33,3.4,1,20,1,1,1,0,0,0,1,70.9677419354839,62.7615062761506,0,1,0.8,1,0.6,0,2.99573227355399
"2022-06-18","Otte O.","Medvedev D.","Medvedev D.",51,1,5.5,1.14,"Grass",0,300,"Otte O.",1.14,5.5,1,51,1,1,1,0,0,0,1,75,51.5151515151515,50,1,0.8,1,0.8,0,3.93182563272433
"2022-06-19","Medvedev D.","Hurkacz H.","Hurkacz H.",1,12,1.4,3,"Grass",0,500,"Hurkacz H.",1.4,3,1,12,0,1,1,0,0,0,0,61.9047619047619,57.7464788732394,50,1,0.8,1,0.8,0,2.484906649788
"2022-06-22","Karatsev A.","Medvedev D.","Medvedev D.",43,1,6,1.12,"Grass",0,45,"Karatsev A.",1.12,6,1,43,1,1,1,0,0,0,1,40,50,0,0,0.8,1,0.2,0,3.76120011569356
"2022-06-23","Bautista Agut R.","Medvedev D.","Bautista Agut R.",20,1,3.4,1.33,"Grass",0,90,"Bautista Agut R.",1.33,3.4,1,20,0,1,1,0,0,0,0,69.6969696969697,62.655601659751,25,1,0.8,1,0.6,0,2.99573227355399
"2022-08-04","Hijikata R.","Medvedev D.","Medvedev D.",224,1,11,1.05,"Hard Outdoor",0,45,"Hijikata R.",1.05,11,1,224,1,1,0,0,0,1,1,0,0,50,0,0.6,0,0,0,5.41164605185504
"2022-08-05","Medvedev D.","Berankis R.","Medvedev D.",1,98,1.08,8,"Hard Outdoor",0,90,"Berankis R.",1.08,8,1,98,1,1,0,0,0,1,1,44.9152542372881,42.8571428571429,50,1,0.6,1,0.6,0,4.58496747867057
"2022-08-06","Kecmanovic M.","Medvedev D.","Medvedev D.",38,1,4.5,1.2,"Hard Outdoor",0,150,"Kecmanovic M.",1.2,4.5,1,38,1,1,0,0,0,1,1,53.7313432835821,51.6666666666667,100,1,0.6,1,0.8,0,3.63758615972639
"2022-08-07","Norrie C.","Medvedev D.","Medvedev D.",12,1,3.4,1.33,"Hard Outdoor",0,250,"Norrie C.",1.33,3.4,1,12,1,1,0,0,0,1,1,61.1111111111111,59.5628415300546,100,1,0.8,1,0.8,0,2.484906649788
"2022-08-10","Medvedev D.","Kyrgios N.","Kyrgios N.",1,37,1.5,2.62,"Hard Outdoor",0,90,"Kyrgios N.",1.5,2.62,1,37,0,1,0,0,0,1,0,67.9012345679012,66.8421052631579,33.3333333333333,1,0.8,1,1,0,3.61091791264422
"2022-08-17","Van De Zandschulp B.","Medvedev D.","Medvedev D.",24,1,5.5,1.14,"Hard Outdoor",0,90,"Van De Zandschulp B.",1.14,5.5,1,24,1,1,0,0,0,1,1,57.1428571428571,56.8627450980392,100,0,0.8,1,0.6,0,3.17805383034795
"2022-08-18","Shapovalov D.","Medvedev D.","Medvedev D.",21,1,4.33,1.22,"Hard Outdoor",0,180,"Shapovalov D.",1.22,4.33,1,21,1,1,0,0,0,1,1,59.6774193548387,53.030303030303,33.3333333333333,1,0.8,1,0.4,0,3.04452243772342
"2022-08-19","Medvedev D.","Fritz T.","Medvedev D.",1,13,1.44,2.75,"Hard Outdoor",0,360,"Fritz T.",1.44,2.75,1,13,1,1,0,0,0,1,1,56.7073170731707,54.978354978355,50,1,0.8,1,0.8,0,2.56494935746154
"2022-08-21","Medvedev D.","Tsitsipas S.","Tsitsipas S.",1,7,1.33,3.4,"Hard Outdoor",0,600,"Tsitsipas S.",1.33,3.4,1,7,0,1,0,0,0,1,0,66.6666666666667,66.8,87.5,1,0.8,1,0.6,0,1.94591014905531
"2022-08-29","Kozlov S.","Medvedev D.","Medvedev D.",111,1,29,1.005,"Hard Outdoor",1,90,"Kozlov S.",1.005,29,1,111,1,1,0,0,0,1,1,25,33.3333333333333,50,0,0.6,0,0.2,0,4.70953020131233
"2022-09-01","Medvedev D.","Rinderknech A.","Medvedev D.",1,58,1.01,21,"Hard Outdoor",1,90,"Rinderknech A.",1.01,21,1,58,1,1,0,0,0,1,1,57.8947368421053,33.3333333333333,50,1,0.8,1,0.4,0,4.06044301054642
"2022-09-03","Medvedev D.","Wu Y.","Medvedev D.",1,174,1.04,13,"Hard Outdoor",1,180,"Wu Y.",1.04,13,1,174,1,1,0,0,0,1,1,33.3333333333333,100,50,1,0.8,1,0.6,0,5.15905529921453
"2022-09-05","Kyrgios N.","Medvedev D.","Kyrgios N.",25,1,2.5,1.53,"Hard Outdoor",1,360,"Kyrgios N.",1.53,2.5,1,25,0,1,0,0,0,1,0,68.2352941176471,67.0886075949367,25,1,0.8,1,0.8,0,3.2188758248682
"2022-09-22","Medvedev D.","Wawrinka S.","Wawrinka S.",4,284,1.12,6,"Hard Indoor",0,45,"Wawrinka S.",1.12,6,4,284,0,1,0,0,1,0,0,57.7586206896552,60.387323943662,66.6666666666667,0,0.6,1,0.2,1.38629436111989,5.64897423816121
"2022-10-04","Medvedev D.","Ramos-Vinolas A.","Medvedev D.",4,40,1.06,10,"Hard Indoor",0,90,"Ramos-Vinolas A.",1.06,10,4,40,1,1,0,0,1,0,1,24,47.5155279503106,100,0,0.6,0,0.4,1.38629436111989,3.68887945411394
"2022-10-06","Ruusuvuori E.","Medvedev D.","Medvedev D.",53,4,5,1.16,"Hard Indoor",0,90,"Ruusuvuori E.",1.16,5,4,53,1,1,0,0,1,0,1,40.9090909090909,51.063829787234,50,1,0.6,1,0.6,1.38629436111989,3.97029191355212
"2022-10-07","Bautista Agut R.","Medvedev D.","Medvedev D.",21,4,3,1.4,"Hard Indoor",0,180,"Bautista Agut R.",1.4,3,4,21,1,1,0,0,1,0,1,55.1020408163265,63.1782945736434,20,1,0.6,1,0.6,1.38629436111989,3.04452243772342
"2022-10-26","Medvedev D.","Basilashvili N.","Medvedev D.",4,94,1.03,15,"Hard Indoor",0,90,"Basilashvili N.",1.03,15,4,94,1,1,0,0,1,0,1,42,47.3684210526316,50,1,0.6,0,0,1.38629436111989,4.54329478227
"2022-10-27","Medvedev D.","Thiem D.","Medvedev D.",4,113,1.28,3.75,"Hard Indoor",0,90,"Thiem D.",1.28,3.75,4,113,1,1,0,0,1,0,1,57.9545454545455,62.3626373626374,40,1,0.8,1,0.8,1.38629436111989,4.72738781871234
"2022-10-28","Medvedev D.","Sinner J.","Medvedev D.",4,12,1.4,3,"Hard Indoor",0,180,"Sinner J.",1.4,3,4,12,1,1,0,0,1,0,1,71.7391304347826,68,100,1,1,1,0.8,1.38629436111989,2.484906649788
"2022-10-29","Dimitrov G.","Medvedev D.","Medvedev D.",32,4,5,1.16,"Hard Indoor",0,300,"Dimitrov G.",1.16,5,4,32,1,1,0,0,1,0,1,60.3448275862069,58.3864118895966,60,1,1,1,0.6,1.38629436111989,3.46573590279973
"2022-10-30","Shapovalov D.","Medvedev D.","Medvedev D.",19,4,4.33,1.22,"Hard Indoor",0,500,"Shapovalov D.",1.22,4.33,4,19,1,1,0,0,1,0,1,52.9411764705882,54.4600938967136,50,1,1,1,0.8,1.38629436111989,2.94443897916644
"2022-11-02","Medvedev D.","De Minaur A.","De Minaur A.",3,25,1.2,4.5,"Hard Indoor",0,90,"De Minaur A.",1.2,4.5,3,25,0,1,0,0,1,0,0,60.9756097560976,57.3099415204678,100,1,1,1,0.6,1.09861228866811,3.2188758248682
"2022-11-14","Rublev A.","Medvedev D.","Rublev A.",7,5,3.4,1.33,"Hard Indoor",0,600,"Rublev A.",1.33,3.4,5,7,0,1,0,0,1,0,0,62.6506024096386,62.2641509433962,80,0,0.8,0,0.6,1.6094379124341,1.94591014905531
"2022-11-16","Medvedev D.","Tsitsipas S.","Tsitsipas S.",5,3,1.5,2.62,"Hard Indoor",0,600,"Tsitsipas S.",1.5,2.62,5,3,0,1,0,0,1,0,0,61.3333333333333,66.7910447761194,77.7777777777778,0,0.6,0,0.6,1.6094379124341,1.09861228866811
"2022-11-18","Djokovic N.","Medvedev D.","Djokovic N.",8,5,1.33,3.4,"Hard Indoor",0,600,"Djokovic N.",3.4,1.33,5,8,0,0,0,0,1,0,1,78.6585365853659,82.4324324324324,50,0,0.4,1,0.8,1.6094379124341,2.07944154167984
"2023-01-04","Kecmanovic M.","Medvedev D.","Medvedev D.",29,7,5.5,1.14,"Hard Outdoor",0,45,"Kecmanovic M.",1.14,5.5,7,29,1,1,0,0,0,1,1,53.75,51.4925373134328,100,0,0.2,1,0.4,1.94591014905531,3.36729582998647
"2023-01-06","Khachanov K.","Medvedev D.","Medvedev D.",20,7,4,1.25,"Hard Outdoor",0,90,"Khachanov K.",1.25,4,7,20,1,1,0,0,0,1,1,56.1151079136691,53.1598513011152,50,1,0.2,1,0.8,1.94591014905531,2.99573227355399
"2023-01-07","Medvedev D.","Djokovic N.","Djokovic N.",7,5,2.5,1.53,"Hard Outdoor",0,150,"Djokovic N.",2.5,1.53,7,5,0,0,0,0,0,1,1,87.1212121212121,82.573726541555,44.4444444444444,1,0.4,1,1,1.94591014905531,1.6094379124341
"2023-01-16","Giron M.","Medvedev D.","Medvedev D.",56,8,17,1.03,"Hard Outdoor",1,90,"Giron M.",1.03,17,8,56,1,1,0,0,0,1,1,42.1052631578947,30,100,0,0.4,0,0.6,2.07944154167984,4.02535169073515
"2023-01-18","Millman J.","Medvedev D.","Medvedev D.",140,8,19,1.02,"Hard Outdoor",1,90,"Millman J.",1.02,19,8,140,1,1,0,0,0,1,1,45.3846153846154,40.8163265306122,50,1,0.6,1,0.4,2.07944154167984,4.9416424226093
"2023-01-20","Medvedev D.","Korda S.","Korda S.",8,31,1.2,4.5,"Hard Outdoor",1,180,"Korda S.",1.2,4.5,8,31,0,1,0,0,0,1,0,61.2244897959184,65,100,1,0.8,1,0.8,2.07944154167984,3.43398720448515
"2023-02-14","Davidovich Fokina A.","Medvedev D.","Medvedev D.",31,11,5,1.17,"Hard Indoor",0,90,"Davidovich Fokina A.",1.17,5,11,31,1,1,0,0,1,0,1,45.4545454545455,48.5148514851485,100,0,0.6,0,0.4,2.39789527279837,3.43398720448515
"2023-02-16","Van De Zandschulp B.","Medvedev D.","Medvedev D.",35,11,6,1.13,"Hard Indoor",0,90,"Van De Zandschulp B.",1.13,6,11,35,1,1,0,0,1,0,1,52.3809523809524,55.8823529411765,100,1,0.6,1,0.6,2.39789527279837,3.55534806148941
"2023-02-17","Auger-Aliassime F.","Medvedev D.","Medvedev D.",8,11,2.2,1.67,"Hard Indoor",0,180,"Auger-Aliassime F.",1.67,2.2,11,8,1,1,0,0,1,0,1,69.6969696969697,60.8040201005025,100,1,0.8,1,0.8,2.39789527279837,2.07944154167984
"2023-02-18","Medvedev D.","Dimitrov G.","Medvedev D.",11,28,1.2,4.5,"Hard Indoor",0,300,"Dimitrov G.",1.2,4.5,11,28,1,1,0,0,1,0,1,60.9756097560976,58.5774058577406,66.6666666666667,1,0.8,1,0.8,2.39789527279837,3.3322045101752
"2023-02-19","Medvedev D.","Sinner J.","Medvedev D.",11,14,1.57,2.38,"Hard Indoor",0,500,"Sinner J.",1.57,2.38,11,14,1,1,0,0,1,0,1,72.7272727272727,68.6131386861314,100,1,0.8,1,1,2.39789527279837,2.63905732961526
"2023-02-22","Broady L.","Medvedev D.","Medvedev D.",147,8,10,1.06,"Hard Outdoor",0,45,"Broady L.",1.06,10,8,147,1,1,0,0,0,1,1,33.3333333333333,39.1304347826087,50,1,1,1,0.6,2.07944154167984,4.99043258677874
"2023-02-23","Medvedev D.","O Connell C.","Medvedev D.",8,94,1.05,11,"Hard Outdoor",0,90,"O Connell C.",1.05,11,8,94,1,1,0,0,0,1,1,37.9310344827586,33.3333333333333,100,1,1,1,0.4,2.07944154167984,4.54329478227
"2023-02-24","Auger-Aliassime F.","Medvedev D.","Medvedev D.",9,8,3,1.4,"Hard Outdoor",0,150,"Auger-Aliassime F.",1.4,3,8,9,1,1,0,0,0,1,1,60,60.8910891089109,100,1,1,1,0.8,2.07944154167984,2.19722457733622
"2023-02-25","Medvedev D.","Murray A.","Medvedev D.",8,70,1.14,5.5,"Hard Outdoor",0,250,"Murray A.",1.14,5.5,8,70,1,1,0,0,0,1,1,74.4874715261959,72.5649350649351,100,1,1,1,0.8,2.07944154167984,4.24849524204936
"2023-02-28","Medvedev D.","Arnaldi M.","Medvedev D.",7,111,1.02,19,"Hard Outdoor",0,90,"Arnaldi M.",1.02,19,7,111,1,1,0,0,0,1,1,0,0,50,1,1,0,0,1.94591014905531,4.70953020131233
"2023-03-01","Bublik A.","Medvedev D.","Medvedev D.",46,7,5.5,1.14,"Hard Outdoor",0,90,"Bublik A.",1.14,5.5,7,46,1,1,0,0,0,1,1,44.2622950819672,51.9230769230769,100,1,1,0,0.6,1.94591014905531,3.8286413964891
"2023-03-02","Medvedev D.","Coric B.","Medvedev D.",7,20,1.2,4.5,"Hard Outdoor",0,180,"Coric B.",1.2,4.5,7,20,1,1,0,0,0,1,1,56.551724137931,55.1181102362205,40,1,1,1,0.4,1.94591014905531,2.99573227355399
"2023-03-03","Medvedev D.","Djokovic N.","Medvedev D.",7,1,2.75,1.44,"Hard Outdoor",0,300,"Djokovic N.",2.75,1.44,7,1,1,0,0,0,0,1,0,87.4074074074074,82.6897470039947,40,1,1,1,1,1.94591014905531,0
"2023-03-04","Rublev A.","Medvedev D.","Medvedev D.",6,7,4.33,1.22,"Hard Outdoor",0,500,"Rublev A.",1.22,4.33,7,6,1,1,0,0,0,1,1,63.5802469135803,61.8705035971223,66.6666666666667,1,1,1,0.8,1.94591014905531,1.79175946922805
"2023-03-11","Medvedev D.","Nakashima B.","Medvedev D.",6,48,1.1,7,"Hard Outdoor",0,90,"Nakashima B.",1.1,7,6,48,1,1,0,0,0,1,1,58.3333333333333,57.7464788732394,50,1,1,1,0.4,1.79175946922805,3.87120101090789
"2023-03-13","Ivashka I.","Medvedev D.","Medvedev D.",85,6,15,1.03,"Hard Outdoor",0,180,"Ivashka I.",1.03,15,6,85,1,1,0,0,0,1,1,50,51.304347826087,100,1,1,1,0.2,1.79175946922805,4.44265125649032
"2023-03-14","Medvedev D.","Zverev A.","Medvedev D.",6,14,1.25,4,"Hard Outdoor",0,180,"Zverev A.",1.25,4,6,14,1,1,0,0,0,1,1,69.6629213483146,68.2584269662921,50,1,1,1,0.8,1.79175946922805,2.63905732961526
"2023-03-15","Davidovich Fokina A.","Medvedev D.","Medvedev D.",28,6,4.33,1.22,"Hard Outdoor",0,360,"Davidovich Fokina A.",1.22,4.33,6,28,1,1,0,0,0,1,1,51.1111111111111,50,100,1,1,1,0.8,1.79175946922805,3.3322045101752
"2023-03-18","Medvedev D.","Tiafoe F.","Medvedev D.",6,16,1.25,4,"Hard Outdoor",0,600,"Tiafoe F.",1.25,4,6,16,1,1,0,0,0,1,1,52.6315789473684,49.5327102803738,100,1,1,1,0.8,1.79175946922805,2.77258872223978
"2023-03-19","Alcaraz C.","Medvedev D.","Alcaraz C.",2,6,1.73,2.1,"Hard Outdoor",0,1000,"Alcaraz C.",2.1,1.73,6,2,0,0,0,0,0,1,1,75,75.2688172043011,100,1,1,1,0.8,1.79175946922805,0.693147180559945
"2023-03-25","Medvedev D.","Carballes Baena R.","Medvedev D.",5,84,1.02,19,"Hard Outdoor",0,90,"Carballes Baena R.",1.02,19,5,84,1,1,0,0,0,1,1,33.3333333333333,45.5223880597015,100,0,0.8,0,0.2,1.6094379124341,4.43081679884331
"2023-03-29","Medvedev D.","Halys Q.","Medvedev D.",5,79,1.07,9,"Hard Outdoor",0,180,"Halys Q.",1.07,9,5,79,1,1,0,0,0,1,1,35.4838709677419,34.1463414634146,50,1,0.8,1,0.6,1.6094379124341,4.36944785246702
"2023-03-30","Medvedev D.","Eubanks C.","Medvedev D.",5,119,1.04,13,"Hard Outdoor",0,360,"Eubanks C.",1.04,13,5,119,1,1,0,0,0,1,1,35.2941176470588,39.3939393939394,50,1,0.8,1,0.8,1.6094379124341,4.77912349311153
"2023-03-31","Khachanov K.","Medvedev D.","Medvedev D.",16,5,4.5,1.2,"Hard Outdoor",0,600,"Khachanov K.",1.2,4.5,5,16,1,1,0,0,0,1,1,57.1428571428571,53.405017921147,66.6666666666667,1,0.8,1,0.8,1.6094379124341,2.77258872223978
"2023-04-02","Sinner J.","Medvedev D.","Medvedev D.",11,5,1.91,1.91,"Hard Outdoor",0,1000,"Sinner J.",1.91,1.91,5,11,1,1,0,0,0,1,1,72.972972972973,69.5945945945946,100,1,0.8,1,1,1.6094379124341,2.39789527279837
"2023-04-12","Medvedev D.","Sonego L.","Medvedev D.",5,45,1.33,3.4,"Clay",0,90,"Sonego L.",1.33,3.4,5,45,1,1,0,1,0,0,1,47.887323943662,48.4662576687117,50,1,1,1,0.8,1.6094379124341,3.80666248977032
"2023-04-13","Medvedev D.","Zverev A.","Medvedev D.",5,16,1.57,2.38,"Clay",0,180,"Zverev A.",1.57,2.38,5,16,1,1,0,1,0,0,1,72.4137931034483,68.0555555555556,54.5454545454545,1,1,1,0.6,1.6094379124341,2.77258872223978
"2023-04-14","Medvedev D.","Rune H.","Rune H.",5,9,2.1,1.73,"Clay",0,360,"Rune H.",2.1,1.73,5,9,0,0,0,1,0,0,1,51.6129032258064,56.578947368421,50,1,1,1,0.6,1.6094379124341,2.19722457733622
"2023-04-29","Medvedev D.","Vavassori A.","Medvedev D.",3,164,1.11,6.5,"Clay",0,90,"Vavassori A.",1.11,6.5,3,164,1,1,0,1,0,0,1,60,57.1428571428571,50,0,0.8,1,0.6,1.09861228866811,5.0998664278242
"2023-05-01","Medvedev D.","Shevchenko A.","Medvedev D.",3,96,1.13,6,"Clay",0,180,"Shevchenko A.",1.13,6,3,96,1,1,0,1,0,0,1,60,37.5,50,1,0.8,1,0.6,1.09861228866811,4.56434819146784
"2023-05-02","Karatsev A.","Medvedev D.","Karatsev A.",121,3,3.75,1.29,"Clay",0,180,"Karatsev A.",1.29,3.75,3,121,0,1,0,1,0,0,0,51.4285714285714,47.0588235294118,50,1,0.8,1,0.8,1.09861228866811,4.79579054559674
"2023-05-14","Medvedev D.","Ruusuvuori E.","Medvedev D.",3,43,1.4,3,"Clay",0,90,"Ruusuvuori E.",1.4,3,3,43,1,1,0,1,0,0,1,41.3793103448276,51.219512195122,100,0,0.6,1,0.6,1.09861228866811,3.76120011569356
"2023-05-15","Medvedev D.","Zapata Miralles B.","Medvedev D.",3,38,1.22,4.33,"Clay",0,180,"Zapata Miralles B.",1.22,4.33,3,38,1,1,0,1,0,0,1,53.4883720930233,43.6363636363636,50,1,0.6,1,0.8,1.09861228866811,3.63758615972639
"2023-05-16","Zverev A.","Medvedev D.","Medvedev D.",22,3,2.2,1.67,"Clay",0,180,"Zverev A.",1.67,2.2,3,22,1,1,0,1,0,0,1,71.523178807947,67.7595628415301,58.3333333333333,1,0.8,1,0.6,1.09861228866811,3.09104245335832
"2023-05-18","Medvedev D.","Hanfmann Y.","Medvedev D.",3,101,1.4,3,"Clay",0,360,"Hanfmann Y.",1.4,3,3,101,1,1,0,1,0,0,1,59.6153846153846,56.0606060606061,50,1,0.8,1,0.8,1.09861228866811,4.61512051684126
"2023-05-20","Tsitsipas S.","Medvedev D.","Medvedev D.",5,3,1.62,2.3,"Clay",0,600,"Tsitsipas S.",2.3,1.62,3,5,1,0,0,1,0,0,0,75,66.8965517241379,70,1,0.8,1,0.8,1.09861228866811,1.6094379124341
"2023-05-21","Medvedev D.","Rune H.","Medvedev D.",3,7,1.91,1.91,"Clay",0,1000,"Rune H.",1.91,1.91,3,7,1,1,0,1,0,0,1,62.2222222222222,61.1111111111111,0,1,1,1,1,1.09861228866811,1.94591014905531
