"Match_Importance","Rank_Med","Rank_Opp","Log_Rank_Med","Log_Rank_Opp","Five_Set","Hard","Grass","Clay","Indoor","Opp_Set_Perc","Opp_Court_Perc","H2H_Med","Pre_Med","Pre5_Med","Pre_Opp","Pre5_Opp","Odd_Med","Odd_Opp","Odd_Pred","Odd_Acc","Win"
45,244,54,5.4971682252932,3.98898404656427,0,0,0,1,0,40.5405405405405,44.4444444444444,50,0,0,0,0.4,5,1.16,0,1,0
45,256,92,5.54517744447956,4.52178857704904,0,0,1,0,0,41.2844036697248,16.6666666666667,50,0,0,0,0.4,1.44,2.62,1,1,1
45,256,55,5.54517744447956,4.00733318523247,0,0,1,0,0,43.6363636363636,51.5151515151515,50,1,0,1,0.6,3.25,1.33,0,1,0
90,215,86,5.37063802812766,4.45434729625351,0,0,0,1,0,34.4262295081967,25,50,0,0,0,0.2,3,1.36,0,0,1
90,215,156,5.37063802812766,5.04985600724954,0,0,0,1,0,36.4077669902913,40.1273885350318,50,1,0,1,0.4,1.83,1.83,1,0,0
45,144,323,4.969813299576,5.77765232322266,0,0,0,0,1,0,0,50,0,0.4,0,0,1.18,4.5,1,1,1
45,144,27,4.969813299576,3.29583686600433,0,0,0,0,1,54.320987654321,47.0588235294118,50,1,0.6,1,0.4,3.4,1.3,0,1,0
45,123,28,4.81218435537242,3.3322045101752,0,0,0,0,1,52.2796352583587,59.1549295774648,50,0,0.4,0,0.4,2.25,1.57,0,0,1
90,123,52,4.81218435537242,3.95124371858143,0,0,0,0,1,38.0952380952381,33.3333333333333,50,1,0.6,1,0.2,1.33,3.25,1,0,0
45,99,82,4.59511985013459,4.40671924726425,0,1,0,0,0,44.4444444444444,0,50,0,0.4,0,0.4,1.18,4.5,1,1,1
45,99,64,4.59511985013459,4.15888308335967,0,1,0,0,0,43.6213991769547,44.2105263157895,50,1,0.6,1,0.4,2.5,1.5,0,0,1
90,99,117,4.59511985013459,4.76217393479776,0,1,0,0,0,45.4545454545455,42.8571428571429,50,1,0.6,1,0.6,1.36,3,1,1,1
150,99,96,4.59511985013459,4.56434819146784,0,1,0,0,0,42.8571428571429,44.3609022556391,50,1,0.8,1,0.6,1.61,2.3,1,1,1
250,99,14,4.59511985013459,2.63905732961526,0,1,0,0,0,61.7647058823529,73.6842105263158,50,1,0.8,1,0.6,3.75,1.28,0,1,0
90,63,131,4.14313472639153,4.87519732320115,1,1,0,0,0,0,0,50,0,0.8,0,0.2,1.44,2.75,1,0,0
45,63,123,4.14313472639153,4.81218435537242,0,0,0,0,1,39.5161290322581,40.4761904761905,50,0,0.6,0,0.6,1.4,2.75,1,1,1
45,63,40,4.14313472639153,3.68887945411394,0,0,0,0,1,55.7858376511226,47.1264367816092,50,1,0.6,1,0.6,2.25,1.57,0,0,1
90,63,14,4.14313472639153,2.63905732961526,0,0,0,0,1,65.6593406593407,69.4915254237288,50,1,0.6,1,0.8,4,1.22,0,1,0
45,64,41,4.15888308335967,3.71357206670431,0,0,0,0,1,47.6190476190476,42.8571428571429,50,0,0.4,0,0.4,1.72,2,1,1,1
45,64,62,4.15888308335967,4.12713438504509,0,0,0,0,1,38.4615384615385,53.3333333333333,100,1,0.6,1,0.4,1.72,2,1,1,1
90,64,17,4.15888308335967,2.83321334405622,0,0,0,0,1,53.5211267605634,52.1739130434783,50,1,0.8,1,0.4,2.62,1.44,0,1,0
90,57,29,4.04305126783455,3.36729582998647,0,1,0,0,0,56.7729083665339,53.8812785388128,50,0,0.6,1,0.6,2.62,1.44,0,1,0
90,58,84,4.06044301054642,4.43081679884331,0,1,0,0,0,54.6594982078853,53.7313432835821,50,0,0.4,0,0.4,1.44,2.62,1,0,0
90,62,39,4.12713438504509,3.66356164612965,0,0,0,1,0,50.9306260575296,49.5192307692308,50,0,0.4,0,0.4,2.37,1.53,0,1,0
45,65,32,4.17438726989564,3.46573590279973,0,0,0,1,0,58.969465648855,61,50,0,0.2,0,0.2,3.4,1.3,0,1,0
45,65,43,4.17438726989564,3.76120011569356,0,0,1,0,0,46.1818181818182,40.625,50,0,0,0,0.2,2.1,1.66,0,0,1
45,65,993,4.17438726989564,6.90073066404517,0,0,1,0,0,35.7142857142857,50,50,1,0.2,1,0.4,1.66,2.1,1,1,1
90,65,24,4.17438726989564,3.17805383034795,0,0,1,0,0,55.8886509635974,67.3469387755102,50,1,0.4,1,0.6,3,1.4,0,1,0
90,60,77,4.0943445622221,4.34380542185368,0,0,1,0,0,48.8888888888889,64,50,0,0.4,0,0.2,2.62,1.44,0,0,1
90,60,698,4.0943445622221,6.54821910276237,0,0,1,0,0,36.6666666666667,50,100,1,0.6,1,0.4,1.53,2.37,1,1,1
180,60,11,4.0943445622221,2.39789527279837,0,0,1,0,0,59.2592592592593,63.0434782608696,50,1,0.8,1,0.6,3.4,1.33,0,1,0
45,52,28,3.95124371858143,3.3322045101752,0,0,1,0,0,56.6585956416465,61.3333333333333,50,0,0.6,0,0.4,2.75,1.4,0,0,1
45,52,38,3.95124371858143,3.63758615972639,0,0,1,0,0,46.4285714285714,43.2432432432432,100,1,0.6,1,0.6,1.83,1.83,1,1,1
90,52,31,3.95124371858143,3.43398720448515,0,0,1,0,0,51.4619883040936,54.5454545454545,50,1,0.8,0,0.4,1.9,1.9,1,1,1
150,52,4,3.95124371858143,1.38629436111989,0,0,1,0,0,82.7054794520548,83.75,50,1,0.8,1,0.8,6,1.12,0,1,0
90,49,3,3.89182029811063,1.09861228866811,1,0,1,0,0,73.5294117647059,51.063829787234,50,0,0.6,0,0.6,3,1.4,0,0,1
90,49,124,3.89182029811063,4.82028156560504,1,0,1,0,0,27.2727272727273,28.5714285714286,50,1,0.8,1,0.6,1.14,5.5,1,0,0
90,50,130,3.91202300542815,4.86753445045558,0,1,0,0,0,33.3333333333333,36.3636363636364,50,0,0.6,0,0,1.44,2.62,1,1,1
90,50,34,3.91202300542815,3.52636052461616,0,1,0,0,0,51.4450867052023,50.4347826086956,100,1,0.6,0,0.6,2.2,1.61,0,0,1
90,50,11,3.91202300542815,2.39789527279837,0,1,0,0,0,59.3333333333333,60.2484472049689,0,1,0.6,1,0.6,3.4,1.33,0,0,1
180,50,8,3.91202300542815,2.07944154167984,0,1,0,0,0,63.7037037037037,58.5365853658537,0,1,0.8,1,0.8,3.4,1.33,0,1,0
90,48,42,3.87120101090789,3.73766961828337,0,1,0,0,0,44.4954128440367,45.4545454545455,0,0,0.6,0,0.4,1.57,2.25,1,0,0
90,51,25,3.93182563272433,3.2188758248682,0,1,0,0,0,50.8771929824561,41.2213740458015,50,0,0.6,0,0.8,1.83,1.83,1,0,0
45,53,45,3.97029191355212,3.80666248977032,0,1,0,0,0,43.0769230769231,45.4545454545455,50,0,0.4,1,0.4,2.25,1.57,0,1,0
90,54,69,3.98898404656427,4.23410650459726,1,1,0,0,0,0,62.5,50,0,0.2,0,0.8,2.1,1.72,0,1,0
45,62,70,4.12713438504509,4.24849524204936,0,0,0,0,1,18.1818181818182,0,50,0,0,0,0.4,1.28,3.5,1,0,0
90,64,44,4.15888308335967,3.78418963391826,0,1,0,0,0,53.015873015873,55.3072625698324,50,0,0,0,0.6,2.37,1.53,0,1,0
90,64,24,4.15888308335967,3.17805383034795,0,1,0,0,0,55.4455445544555,48.936170212766,0,0,0,0,0.4,3,1.36,0,1,0
45,67,95,4.20469261939097,4.55387689160054,0,0,0,0,1,39.8230088495575,34.6153846153846,50,0,0,0,0.2,2.2,1.61,0,0,1
45,67,11,4.20469261939097,2.39789527279837,0,0,0,0,1,62.8205128205128,75,50,1,0.2,0,0.4,2.37,1.53,0,0,1
90,67,209,4.20469261939097,5.34233425196481,0,0,0,0,1,44.4444444444444,60,50,1,0.4,1,0.4,1.25,4,1,0,0
45,84,29,4.43081679884331,3.36729582998647,0,1,0,0,0,57.2232645403377,53.7444933920705,0,0,0.4,0,0.6,2.25,1.57,0,0,1
45,84,55,4.43081679884331,4.00733318523247,0,1,0,0,0,44.4444444444444,49.0566037735849,50,1,0.6,1,0.4,1.83,1.83,1,1,1
90,84,45,4.43081679884331,3.80666248977032,0,1,0,0,0,40,30.9859154929577,50,1,0.8,1,0.4,1.5,2.62,1,1,1
150,84,27,4.43081679884331,3.29583686600433,0,1,0,0,0,51.5587529976019,42.5531914893617,0,1,0.8,1,0.6,2,1.8,0,0,1
250,84,167,4.43081679884331,5.11799381241676,0,1,0,0,0,77.7777777777778,66.6666666666667,50,1,0.8,1,0.8,2.2,1.66,0,0,1
90,53,216,3.97029191355212,5.37527840768417,1,1,0,0,0,40,48.2758620689655,100,1,1,0,0.6,2.2,1.66,0,0,1
90,53,58,3.97029191355212,4.06044301054642,1,1,0,0,0,41.6666666666667,45.2380952380952,50,1,1,0,0.6,2.75,1.44,0,1,0
45,56,33,4.02535169073515,3.49650756146648,0,0,0,0,1,63.5701275045537,64.7887323943662,50,0,0.8,0,0.6,3,1.36,0,1,0
90,57,28,4.04305126783455,3.3322045101752,0,0,0,0,1,52.5773195876289,51.4705882352941,50,0,0.6,0,0.6,1.72,2,1,1,1
90,57,80,4.04305126783455,4.38202663467388,0,0,0,0,1,36,41.3793103448276,50,1,0.6,0,0.4,1.53,2.37,1,1,1
180,57,81,4.04305126783455,4.39444915467244,0,0,0,0,1,48.1854838709677,46.7889908256881,50,1,0.6,1,0.6,1.8,2,1,0,0
90,57,52,4.04305126783455,3.95124371858143,0,1,0,0,0,50.5154639175258,50,100,0,0.4,0,0.6,1.9,1.8,0,0,1
90,57,108,4.04305126783455,4.68213122712422,0,1,0,0,0,33.3333333333333,33.3333333333333,50,1,0.6,0,0.2,1.4,2.75,1,1,1
180,57,14,4.04305126783455,2.63905732961526,0,1,0,0,0,57.7777777777778,60.8695652173913,100,1,0.8,1,0.4,2,1.72,0,1,0
90,52,70,3.95124371858143,4.24849524204936,0,1,0,0,0,36.3636363636364,42.8571428571429,50,0,0.6,0,0.6,1.72,2,1,1,1
90,52,5,3.95124371858143,1.6094379124341,0,1,0,0,0,63.6363636363636,62.6865671641791,0,1,0.6,0,0.6,3,1.36,0,1,0
90,49,59,3.89182029811063,4.07753744390572,0,0,0,1,0,34.7826086956522,25,50,0,0.6,0,0.2,2,1.72,0,0,1
90,49,36,3.89182029811063,3.58351893845611,0,0,0,1,0,68.695652173913,71.875,50,1,0.6,1,0.4,3.5,1.28,0,1,0
45,50,68,3.91202300542815,4.21950770517611,0,0,0,1,0,44.8559670781893,46.6666666666667,50,0,0.4,0,0.6,2.1,1.66,0,1,0
90,51,22,3.93182563272433,3.09104245335832,0,0,0,1,0,46.7391304347826,53.8461538461538,0,0,0.4,0,0.4,3,1.36,0,1,0
90,50,44,3.91202300542815,3.78418963391826,0,0,0,1,0,46.875,50.3759398496241,100,0,0.2,0,0.2,2.25,1.57,0,1,0
90,53,16,3.97029191355212,2.77258872223978,1,0,0,1,0,50,56.5217391304348,0,0,0.2,0,0.2,4.5,1.2,0,1,0
45,52,84,3.95124371858143,4.43081679884331,0,0,1,0,0,41.6666666666667,0,50,0,0,0,0.4,1.33,3.25,1,1,1
45,52,34,3.95124371858143,3.52636052461616,0,0,1,0,0,55.3654743390358,56.578947368421,100,1,0.2,0,0.6,1.57,2.25,1,0,0
90,53,14,3.97029191355212,2.63905732961526,0,0,1,0,0,59.5238095238095,55.5555555555556,50,0,0.2,0,0.2,1.66,2.1,1,1,1
90,53,61,3.97029191355212,4.11087386417331,0,0,1,0,0,47.7900552486188,47.9166666666667,50,1,0.4,1,0.8,1.8,1.9,1,0,0
45,59,42,4.07753744390572,3.73766961828337,0,0,1,0,0,51.9047619047619,53.8461538461538,100,0,0.4,0,0.4,1.83,1.83,1,0,0
90,67,20,4.20469261939097,2.99573227355399,1,0,1,0,0,44,46.1538461538462,50,0,0.4,1,0.8,4.5,1.22,0,0,1
90,67,65,4.20469261939097,4.17438726989564,1,0,1,0,0,43.4782608695652,48.2758620689655,50,1,0.4,1,0.6,1.33,3.5,1,1,1
180,67,26,4.20469261939097,3.25809653802148,1,0,1,0,0,43.859649122807,56.7164179104478,0,1,0.6,1,0.8,1.8,2,1,0,0
90,63,287,4.14313472639153,5.65948221575962,0,1,0,0,0,0,0,50,0,0.4,0,0,1.36,3,1,1,1
90,63,26,4.14313472639153,3.25809653802148,0,1,0,0,0,51.1111111111111,58.6206896551724,0,1,0.6,0,0.4,2.5,1.5,0,1,0
90,68,19,4.21950770517611,2.94443897916644,0,1,0,0,0,59.2417061611374,57.2519083969466,100,0,0.6,0,0,1.53,2.37,1,1,1
90,68,133,4.21950770517611,4.89034912822175,0,1,0,0,0,40,66.6666666666667,50,1,0.6,1,0.6,1.57,2.25,1,1,1
180,68,3,4.21950770517611,1.09861228866811,0,1,0,0,0,67.1794871794872,66.6666666666667,0,1,0.6,1,1,5.5,1.14,0,1,0
90,56,21,4.02535169073515,3.04452243772342,0,1,0,0,0,52.9411764705882,53.6585365853659,100,0,0.6,0,0.4,2.75,1.4,0,1,0
45,57,81,4.04305126783455,4.39444915467244,0,1,0,0,0,48.4848484848485,37.5,0,0,0.4,0,0.2,1.4,2.75,1,1,1
45,57,43,4.04305126783455,3.76120011569356,0,1,0,0,0,58.3333333333333,58.3333333333333,100,1,0.6,0,0.8,2,1.72,0,0,1
45,57,118,4.04305126783455,4.77068462446567,0,1,0,0,0,37.5,33.3333333333333,50,1,0.6,1,0.2,1.33,3.4,1,1,1
90,57,56,4.04305126783455,4.02535169073515,0,1,0,0,0,44.6601941747573,45.2702702702703,50,1,0.6,1,0.6,2,1.8,0,0,1
150,57,76,4.04305126783455,4.33073334028633,0,1,0,0,0,43.1034482758621,35,50,1,0.8,1,0.8,1.44,2.75,1,1,1
250,57,34,4.04305126783455,3.52636052461616,0,1,0,0,0,52.7027027027027,50,75,1,1,1,0.6,2,1.8,0,0,1
90,36,80,3.58351893845611,4.38202663467388,1,1,0,0,0,32,40.7407407407407,50,1,1,0,0.4,1.36,3.2,1,1,1
90,36,15,3.58351893845611,2.70805020110221,1,1,0,0,0,50,55.5555555555556,100,1,1,1,0.6,2.37,1.57,0,0,1
180,36,20,3.58351893845611,2.99573227355399,1,1,0,0,0,46.4285714285714,54.6511627906977,50,1,1,1,0.6,2.3,1.61,0,1,0
45,35,49,3.55534806148941,3.89182029811063,0,0,0,0,1,44.9612403100775,54.6875,0,0,0.8,0,0.4,1.57,2.25,1,1,1
45,35,87,3.55534806148941,4.46590811865458,0,0,0,0,1,42.3280423280423,57.1428571428571,50,1,0.8,0,0.6,1.36,3,1,1,1
90,35,8,3.55534806148941,2.07944154167984,0,0,0,0,1,61.1111111111111,47.9166666666667,50,1,0.8,1,0.8,2.5,1.53,0,1,0
90,32,14,3.46573590279973,2.63905732961526,0,1,0,0,0,50.354609929078,51.5625,50,0,0.6,0,0.4,1.66,2.1,1,1,1
90,32,51,3.46573590279973,3.93182563272433,0,1,0,0,0,52.7173913043478,34.375,50,1,0.6,1,0.8,1.72,2,1,1,1
180,32,20,3.46573590279973,2.99573227355399,0,1,0,0,0,68.1957186544342,70.8133971291866,50,1,0.8,1,0.8,2.75,1.44,0,0,1
300,32,31,3.46573590279973,3.43398720448515,0,1,0,0,0,55.7377049180328,61.3636363636364,0,1,0.8,1,0.8,1.72,2.1,1,1,1
500,32,12,3.46573590279973,2.484906649788,0,1,0,0,0,68.733153638814,68.3333333333333,0,1,0.8,1,0.8,3.2,1.36,0,0,1
90,22,216,3.09104245335832,5.37527840768417,0,1,0,0,0,10,10,50,1,1,0,0,1.11,6.5,1,1,1
90,22,2,3.09104245335832,0.693147180559945,0,1,0,0,0,83.1869510664994,85.2313167259786,50,1,1,0,0.6,4,1.22,0,1,0
45,21,50,3.04452243772342,3.91202300542815,0,0,0,0,1,43.6241610738255,33.3333333333333,50,0,0.8,1,0.6,1.3,3.4,1,1,1
90,21,107,3.04452243772342,4.67282883446191,0,0,0,0,1,43.3070866141732,54.1666666666667,50,1,0.8,1,0.6,1.14,5.5,1,1,1
150,21,26,3.04452243772342,3.25809653802148,0,0,0,0,1,52.7777777777778,50,50,1,0.8,1,0.6,1.9,1.9,1,0,0
90,20,67,2.99573227355399,4.20469261939097,0,0,0,0,1,27.906976744186,25,50,0,0.6,0,0,1.25,3.75,1,1,1
90,20,43,2.99573227355399,3.76120011569356,0,0,0,0,1,48.3870967741936,48.2758620689655,0,1,0.6,1,0.8,1.36,3,1,1,1
180,20,16,2.99573227355399,2.77258872223978,0,0,0,0,1,56.7164179104478,53.3333333333333,100,1,0.8,1,1,2.2,1.66,0,0,1
300,20,3,2.99573227355399,1.09861228866811,0,0,0,0,1,83.2089552238806,84.0796019900498,0,1,0.8,1,0.8,3.2,1.36,0,1,0
90,17,24,2.83321334405622,3.17805383034795,0,0,0,0,1,59.349593495935,50,50,0,0.6,0,0.6,1.28,3.5,1,1,1
90,17,13,2.83321334405622,2.56494935746154,0,0,0,0,1,53.6585365853659,42.3076923076923,33.3333333333333,1,0.8,1,0.8,1.83,1.83,1,0,0
45,16,240,2.77258872223978,5.48063892334199,0,1,0,0,0,75,77.8067885117493,50,0,0.6,1,0.6,1.83,1.83,1,1,1
90,16,18,2.77258872223978,2.89037175789616,0,1,0,0,0,67.6646706586826,70.4225352112676,100,1,0.6,1,0.6,2,1.8,0,0,1
150,16,239,2.77258872223978,5.47646355193151,0,1,0,0,0,66.1764705882353,69.2622950819672,0,1,0.6,1,0.6,1.61,2.3,1,1,1
250,16,9,2.77258872223978,2.19722457733622,0,1,0,0,0,68.6375321336761,68.4210526315789,50,1,0.8,1,0.6,2.37,1.57,0,1,0
90,19,119,2.94443897916644,4.77912349311153,1,1,0,0,0,0,25,50,0,0.6,0,0.2,1.16,5,1,1,1
90,19,83,2.94443897916644,4.4188406077966,1,1,0,0,0,33.3333333333333,44.4444444444444,100,1,0.8,1,0.2,1.16,5,1,1,1
180,19,22,2.94443897916644,3.09104245335832,1,1,0,0,0,64.6153846153846,60.1398601398601,50,1,0.8,1,0.4,1.61,2.3,1,1,1
360,19,1,2.94443897916644,0,1,1,0,0,0,87.1527777777778,86.6952789699571,0,1,0.8,1,0.8,6.5,1.11,0,1,0
45,16,54,2.77258872223978,3.98898404656427,0,0,0,0,1,46.7048710601719,41.25,66.6666666666667,0,0.6,1,0.4,1.22,4,1,1,1
90,16,38,2.77258872223978,3.63758615972639,0,0,0,0,1,52.6315789473684,61.2244897959184,100,1,0.8,1,0.6,1.28,3.75,1,1,1
150,16,33,2.77258872223978,3.49650756146648,0,0,0,0,1,63.265306122449,67.1428571428571,50,1,0.8,1,0.8,1.66,2.2,1,1,1
250,16,47,2.77258872223978,3.85014760171006,0,0,0,0,1,51.6129032258064,64.2857142857143,100,1,0.8,1,0.8,1.14,5.5,1,1,1
90,16,35,2.77258872223978,3.55534806148941,0,0,0,0,1,47.7922077922078,45.3125,0,1,0.8,0,0.6,1.22,4,1,1,1
90,16,26,2.77258872223978,3.25809653802148,0,0,0,0,1,55.2592592592593,49.5327102803738,50,1,1,1,0.6,1.33,3.25,1,1,1
180,16,140,2.77258872223978,4.9416424226093,0,0,0,0,1,66.5865384615385,71.6129032258065,50,1,1,1,1,1.57,2.37,1,1,1
300,16,33,2.77258872223978,3.49650756146648,0,0,0,0,1,63.3603238866397,67.3611111111111,100,1,1,1,0.8,1.4,3,1,0,0
90,15,113,2.70805020110221,4.72738781871234,0,1,0,0,0,43.0769230769231,42.4657534246575,100,0,0.8,0,0.4,1.14,5.5,1,0,0
90,15,62,2.70805020110221,4.12713438504509,0,1,0,0,0,36,36.3636363636364,50,0,0.6,1,0.6,1.25,3.75,1,1,1
180,15,113,2.70805020110221,4.72738781871234,0,1,0,0,0,46.3768115942029,43.75,50,1,0.6,1,0.6,1.3,3.5,1,0,0
90,15,55,2.70805020110221,4.00733318523247,0,1,0,0,0,45.4237288135593,46.7948717948718,0,0,0.4,1,0.4,1.3,3.4,1,1,1
180,15,58,2.70805020110221,4.06044301054642,0,1,0,0,0,46.875,42.3076923076923,100,1,0.4,1,0.6,1.28,3.75,1,1,1
180,15,5,2.70805020110221,1.6094379124341,0,1,0,0,0,83.1515151515152,85.2233676975945,0,1,0.6,1,0.8,3.5,1.3,0,1,0
90,14,51,2.63905732961526,3.93182563272433,0,0,0,1,0,45.1263537906137,47.4576271186441,50,0,0.6,0,0.4,1.53,2.37,1,1,1
90,14,45,2.63905732961526,3.80666248977032,0,0,0,1,0,38.2716049382716,33.3333333333333,50,1,0.6,1,0.6,1.4,2.75,1,1,1
180,14,8,2.63905732961526,2.07944154167984,0,0,0,1,0,57.9545454545455,57.8947368421053,100,1,0.8,1,0.6,2.1,1.72,0,0,1
360,14,1,2.63905732961526,0,0,0,0,1,0,82.1316614420063,81.2227074235808,0,1,0.8,1,0.8,4.33,1.22,0,0,1
600,14,48,2.63905732961526,3.87120101090789,0,0,0,1,0,44.6428571428571,50,100,1,0.8,1,0.8,1.44,2.75,1,0,0
90,14,83,2.63905732961526,4.4188406077966,0,0,0,1,0,44.4444444444444,51.2,50,0,0.8,1,0.6,1.5,2.5,1,1,1
90,14,61,2.63905732961526,4.11087386417331,0,0,0,1,0,38.7096774193548,50,100,1,0.8,1,0.6,1.2,4.5,1,1,1
180,14,81,2.63905732961526,4.39444915467244,0,0,0,1,0,47.0588235294118,51.6129032258064,50,1,0.8,1,0.6,1.25,4,1,1,1
300,14,7,2.63905732961526,1.94591014905531,0,0,0,1,0,68.4863523573201,71.9298245614035,33.3333333333333,1,0.8,1,0.6,2,1.8,0,0,1
500,14,5,2.63905732961526,1.6094379124341,0,0,0,1,0,61.8374558303887,73.469387755102,0,1,0.8,1,0.8,3.75,1.28,0,1,0
90,14,26,2.63905732961526,3.25809653802148,0,0,0,1,0,48.4615384615385,54.8780487804878,0,0,0.8,0,0.6,1.53,2.37,1,0,0
90,14,36,2.63905732961526,3.58351893845611,0,0,0,1,0,65.7342657342657,57.8947368421053,50,0,0.6,0,0.4,1.36,3,1,0,0
90,14,43,2.63905732961526,3.76120011569356,1,0,0,1,0,42.8571428571429,46.1538461538462,100,0,0.4,0,0.4,1.33,3.4,1,0,0
45,13,26,2.56494935746154,3.25809653802148,0,0,1,0,0,52.9801324503311,58.3333333333333,0,0,0.2,1,0.4,1.44,2.62,1,0,0
90,13,37,2.56494935746154,3.61091791264422,0,0,1,0,0,55.0578034682081,53.6585365853659,66.6666666666667,0,0,0,0.4,1.36,3,1,1,1
90,13,29,2.56494935746154,3.36729582998647,0,0,1,0,0,53.2467532467532,59.2592592592593,0,1,0.2,1,0.6,1.44,2.62,1,1,1
180,13,23,2.56494935746154,3.13549421592915,0,0,1,0,0,51.685393258427,27.2727272727273,100,1,0.4,1,0.6,1.28,3.75,1,1,1
300,13,38,2.56494935746154,3.63758615972639,0,0,1,0,0,58.0487804878049,57.3333333333333,0,1,0.6,1,0.8,1.2,4.5,1,0,0
90,13,106,2.56494935746154,4.66343909411207,1,0,1,0,0,26.8292682926829,20.8333333333333,100,0,0.6,0,0.4,1.01,23,1,1,1
90,13,101,2.56494935746154,4.61512051684126,1,0,1,0,0,50,50,50,1,0.8,1,0.4,1.22,4.33,1,1,1
180,13,23,2.56494935746154,3.13549421592915,1,0,1,0,0,64.7887323943662,55.2631578947368,100,1,0.8,1,0.8,1.9,1.9,1,0,0
90,10,124,2.30258509299405,4.82028156560504,0,1,0,0,0,42.1052631578947,35.7142857142857,50,0,0.6,1,0.4,1.18,4.5,1,1,1
90,10,40,2.30258509299405,3.68887945411394,0,1,0,0,0,43.6170212765958,45.4545454545455,50,1,0.6,1,0.2,1.4,3,1,1,1
180,10,17,2.30258509299405,2.83321334405622,0,1,0,0,0,62.109375,64.3109540636042,50,1,0.8,1,0.6,1.61,2.3,1,1,1
300,10,122,2.30258509299405,4.80402104473326,0,1,0,0,0,50.9803921568627,50.8196721311475,50,1,0.8,1,0.8,1.16,5,1,1,1
500,10,52,2.30258509299405,3.95124371858143,0,1,0,0,0,66.2251655629139,68.5950413223141,0,1,0.8,1,0.8,1.72,2.1,1,0,0
90,9,33,2.19722457733622,3.49650756146648,0,1,0,0,0,50.6944444444444,53.1914893617021,0,0,0.8,1,0.6,1.53,2.37,1,1,1
180,9,36,2.19722457733622,3.58351893845611,0,1,0,0,0,59.375,50,50,1,0.8,1,0.4,1.16,5,1,1,1
360,9,4,2.19722457733622,1.38629436111989,0,1,0,0,0,62.6262626262626,60.3448275862069,0,1,0.8,1,1,1.61,2.3,1,1,1
600,9,8,2.19722457733622,2.07944154167984,0,1,0,0,0,53.5211267605634,52.2388059701493,0,1,0.8,1,0.6,1.5,2.62,1,1,1
1000,9,2,2.19722457733622,0.693147180559945,0,1,0,0,0,81.7824377457405,79.8657718120805,50,1,0.8,1,0.8,3,1.4,0,1,0
90,8,30,2.07944154167984,3.40119738166216,0,1,0,0,0,50.3448275862069,52.6315789473684,33.3333333333333,0,0.8,0,0.6,1.53,2.37,1,1,1
90,8,29,2.07944154167984,3.36729582998647,0,1,0,0,0,48.036253776435,45.7746478873239,100,1,0.8,0,0.4,1.3,3.4,1,1,1
180,8,36,2.07944154167984,3.58351893845611,0,1,0,0,0,46.5,43.4782608695652,100,1,0.8,1,0.6,1.4,3,1,1,1
360,8,70,2.07944154167984,4.24849524204936,0,1,0,0,0,47.0588235294118,50,50,1,0.8,1,0.6,1.3,3.5,1,1,1
600,8,1,2.07944154167984,0,0,1,0,0,0,82.1538461538462,86.5546218487395,33.3333333333333,1,0.8,1,1,3.4,1.33,0,0,1
1000,8,19,2.07944154167984,2.94443897916644,0,1,0,0,0,58,59.7402597402597,50,1,1,1,0.8,1.4,3,1,1,1
90,5,88,1.6094379124341,4.47733681447821,1,1,0,0,0,0,28.5714285714286,50,1,1,0,0.4,1.02,19,1,1,1
90,5,84,1.6094379124341,4.43081679884331,1,1,0,0,0,33.3333333333333,0,50,1,1,0,0,1.02,19,1,1,1
180,5,61,1.6094379124341,4.11087386417331,1,1,0,0,0,56.9620253164557,52.1367521367521,0,1,1,1,0.6,1.3,3.5,1,1,1
360,5,118,1.6094379124341,4.77068462446567,1,1,0,0,0,80,57.1428571428571,50,1,1,1,0.6,1.12,6,1,1,1
720,5,24,1.6094379124341,3.17805383034795,1,1,0,0,0,72.1052631578947,66.7741935483871,100,1,1,1,0.8,2.1,1.72,0,0,1
1200,5,78,1.6094379124341,4.35670882668959,1,1,0,0,0,62.2222222222222,60.4651162790698,50,1,1,1,0.8,1.44,2.75,1,1,1
45,4,118,1.38629436111989,4.77068462446567,0,0,0,0,1,32.1739130434783,30.7692307692308,100,1,1,1,0.4,1.11,6.5,1,1,1
90,4,38,1.38629436111989,3.63758615972639,0,0,0,0,1,48.6238532110092,40,100,1,1,1,0.8,1.25,4,1,1,1
150,4,119,1.38629436111989,4.77912349311153,0,0,0,0,1,57.1428571428571,71.4285714285714,50,1,1,1,0.8,1.14,5.5,1,1,1
250,4,15,1.38629436111989,2.70805020110221,0,0,0,0,1,54.8223350253807,45.1612903225806,25,1,1,1,0.6,1.22,4.33,1,1,1
90,4,64,1.38629436111989,4.15888308335967,0,1,0,0,0,50.7462686567164,52.3809523809524,50,1,1,1,0.4,1.12,6,1,1,1
180,4,248,1.38629436111989,5.51342874616498,0,1,0,0,0,42.2857142857143,42.7272727272727,50,1,1,1,0.6,1.08,8,1,1,1
360,4,12,1.38629436111989,2.484906649788,0,1,0,0,0,53.1313131313131,47.5409836065574,50,1,1,1,0.8,1.22,4.33,1,1,1
600,4,7,1.38629436111989,1.94591014905531,0,1,0,0,0,61.1570247933884,61.1940298507463,100,1,1,1,0.8,1.44,2.75,1,1,1
1000,4,6,1.38629436111989,1.79175946922805,0,1,0,0,0,66.7953667953668,66.9491525423729,0,1,1,1,0.8,1.53,2.5,1,1,1
90,4,65,1.38629436111989,4.17438726989564,0,0,0,0,1,48.1042654028436,45.7142857142857,50,1,1,1,0.6,1.14,5.5,1,0,0
90,4,50,1.38629436111989,3.91202300542815,1,1,0,0,0,37.5,41.3333333333333,100,0,0.8,0,0.2,1.07,9,1,1,1
90,4,168,1.38629436111989,5.12396397940326,1,1,0,0,0,50,100,50,1,0.8,1,0.2,1.01,21,1,1,1
180,4,96,1.38629436111989,4.56434819146784,1,1,0,0,0,54.5454545454545,36.3636363636364,100,1,0.8,1,0.4,1.1,7,1,1,1
360,4,15,1.38629436111989,2.70805020110221,1,1,0,0,0,72.020725388601,66.7721518987342,100,1,0.8,1,0.8,1.28,3.75,1,0,0
90,5,104,1.6094379124341,4.64439089914137,0,0,0,0,1,42.8571428571429,48.9795918367347,100,0,0.6,0,0.6,1.2,4.33,1,0,0
45,5,68,1.6094379124341,4.21950770517611,0,0,0,0,1,45,54.5454545454545,50,0,0.6,1,0.4,1.25,3.75,1,1,1
90,5,58,1.6094379124341,4.06044301054642,0,0,0,0,1,57.5899843505477,61.2021857923497,0,1,0.6,1,0.6,1.2,4.5,1,0,0
90,5,101,1.6094379124341,4.61512051684126,0,1,0,0,0,45.4545454545455,38.4615384615385,50,0,0.4,1,0.4,1.14,5.5,1,1,1
180,5,61,1.6094379124341,4.11087386417331,0,1,0,0,0,50.2673796791444,46.2686567164179,50,1,0.4,1,0.6,1.2,4.33,1,1,1
360,5,12,1.6094379124341,2.484906649788,0,1,0,0,0,64.9717514124294,69.9029126213592,0,1,0.6,1,0.6,1.4,3,1,0,0
90,5,79,1.6094379124341,4.36944785246702,1,1,0,0,0,23.3333333333333,32.2033898305085,50,0,0.6,0,0.4,1.02,17,1,1,1
90,5,116,1.6094379124341,4.75359019110636,1,1,0,0,0,100,100,50,1,0.6,1,0.2,1.01,23,1,1,1
180,5,138,1.6094379124341,4.92725368515721,1,1,0,0,0,100,66.6666666666667,50,1,0.8,1,0.4,1.06,10,1,1,1
360,5,82,1.6094379124341,4.40671924726425,1,1,0,0,0,42.8571428571429,42.8571428571429,100,1,0.8,1,0.6,1.12,6,1,1,1
720,5,14,1.6094379124341,2.63905732961526,1,1,0,0,0,62.0689655172414,59.1397849462366,100,1,0.8,1,0.8,1.25,4,1,1,1
1200,5,3,1.6094379124341,1.09861228866811,1,1,0,0,0,74.1176470588235,63.0434782608696,33.3333333333333,1,1,1,0.8,1.8,2,1,0,0
90,5,41,1.6094379124341,3.71357206670431,0,0,0,1,0,48.9795918367347,37.5,50,0,0.8,0,0.6,1.18,4.5,1,0,0
90,5,63,1.6094379124341,4.14313472639153,1,0,0,1,0,45.8333333333333,44.7368421052632,100,0,0.6,0,0.6,1.22,4.33,1,0,0
45,6,53,1.79175946922805,3.97029191355212,0,0,0,0,1,63.015873015873,64.1975308641975,0,0,0.4,0,0.4,1.12,6,1,1,1
45,6,36,1.79175946922805,3.58351893845611,0,0,0,0,1,54.9295774647887,71.4285714285714,100,1,0.4,1,0.6,1.2,4.33,1,0,0
90,6,127,1.79175946922805,4.84418708645859,0,0,0,0,1,36.8421052631579,71.4285714285714,50,0,0.2,0,0.4,1.08,8,1,1,1
90,6,81,1.79175946922805,4.39444915467244,0,0,0,0,1,43.3862433862434,50,50,1,0.4,1,0.4,1.25,3.75,1,1,1
180,6,111,1.79175946922805,4.70953020131233,0,0,0,0,1,56.9739952718676,54.6666666666667,50,1,0.6,1,0.8,1.2,4.33,1,0,0
180,5,25,1.6094379124341,3.2188758248682,0,0,0,0,1,59.3023255813954,70.5882352941177,100,0,0.6,1,0.8,1.53,2.5,1,1,1
360,5,9,1.6094379124341,2.19722457733622,0,0,0,0,1,54.7945205479452,64.7058823529412,100,1,0.6,1,0.8,1.44,2.75,1,1,1
600,5,17,1.6094379124341,2.83321334405622,0,0,0,0,1,67.6315789473684,67.741935483871,100,1,0.8,1,1,1.44,2.75,1,1,1
1000,5,7,1.6094379124341,1.94591014905531,0,0,0,0,1,67.2661870503597,66.6666666666667,20,1,0.8,1,1,1.9,1.9,1,1,1
600,4,7,1.38629436111989,1.94591014905531,0,0,0,0,1,67.0250896057348,65.6716417910448,33.3333333333333,1,0.8,0,0.8,1.7,2.05,1,1,1
600,4,1,1.38629436111989,0,0,0,0,0,1,82.6023391812866,77.536231884058,50,1,1,1,0.6,2.75,1.4,0,0,1
600,4,9,1.38629436111989,2.19722457733622,0,0,0,0,1,54.0540540540541,59.4594594594595,100,1,1,0,0.4,1.25,3.75,1,1,1
1000,4,2,1.38629436111989,0.693147180559945,0,0,0,0,1,81.8414322250639,68.0851063829787,0,1,1,1,0.6,1.75,2,1,1,1
1500,4,3,1.38629436111989,1.09861228866811,0,0,0,0,1,63.4674922600619,56.7567567567568,25,1,1,1,0.6,1.66,2.2,1,1,1
90,4,63,1.38629436111989,4.14313472639153,1,1,0,0,0,37.2093023255814,43.2203389830509,66.6666666666667,1,1,0,0.8,1.04,13,1,1,1
90,4,99,1.38629436111989,4.59511985013459,1,1,0,0,0,37.5,40,50,1,1,1,0.4,1.005,29,1,1,1
180,4,33,1.38629436111989,3.49650756146648,1,1,0,0,0,41.6666666666667,50,0,1,1,1,0.4,1.05,11,1,1,1
360,4,192,1.38629436111989,5.25749537202778,1,1,0,0,0,50,37.8378378378378,100,1,1,1,0.8,1.03,15,1,1,1
720,4,8,1.38629436111989,2.07944154167984,1,1,0,0,0,65.7894736842105,59.7938144329897,100,1,1,1,0.8,1.44,2.75,1,1,1
1200,4,6,1.38629436111989,1.79175946922805,1,1,0,0,0,64.8648648648649,63.5294117647059,100,1,1,1,0.8,1.4,3,1,1,1
2000,4,1,1.38629436111989,0,1,1,0,0,0,88.109756097561,87.15953307393,60,1,1,1,1,2,1.83,0,1,0
90,3,27,1.09861228866811,3.29583686600433,0,0,0,0,1,42.5837320574163,28.5714285714286,50,0,0.8,0,0.6,1.08,8,1,0,0
45,3,76,1.09861228866811,4.33073334028633,0,0,0,0,1,58.695652173913,57.1428571428571,100,0,0.6,1,0.6,1.14,5.5,1,1,1
90,3,34,1.09861228866811,3.52636052461616,0,0,0,0,1,63.6363636363636,68,100,1,0.6,1,0.6,1.33,3.4,1,1,1
250,3,93,1.09861228866811,4.53259949315326,0,0,0,0,1,45.3900709219858,45.1612903225806,50,1,0.6,1,0.8,1.2,4.5,1,1,1
90,2,1020,0.693147180559945,6.92755790627832,0,1,0,0,0,20,16.6666666666667,50,1,0.6,1,0.2,1.01,23,1,1,1
180,2,86,0.693147180559945,4.45434729625351,0,1,0,0,0,41.025641025641,43.75,100,1,0.8,1,0.8,1.11,6.5,1,1,1
180,2,58,0.693147180559945,4.06044301054642,0,1,0,0,0,44.2748091603053,45.2631578947368,100,1,1,1,0.8,1.14,5.5,1,1,1
360,2,12,0.693147180559945,2.484906649788,0,1,0,0,0,65.1515151515152,69.2307692307692,0,1,1,1,0.6,1.3,3.5,1,0,0
90,3,49,1.09861228866811,3.89182029811063,0,0,0,1,0,54.7619047619048,50,50,0,0.8,1,0.8,1.57,2.37,1,1,1
180,3,25,1.09861228866811,3.2188758248682,0,0,0,1,0,57.5342465753425,65.3846153846154,100,1,0.8,1,0.4,1.61,2.3,1,0,0
90,2,27,0.693147180559945,3.29583686600433,0,0,0,1,0,56.6666666666667,70,50,0,0.6,1,0.6,2,1.8,0,1,0
90,2,37,0.693147180559945,3.61091791264422,1,0,0,1,0,40,45,100,0,0.4,0,0.6,1.4,3,1,1,1
90,2,52,0.693147180559945,3.95124371858143,1,0,0,1,0,41.6666666666667,50,50,1,0.4,1,0.8,1.28,3.75,1,1,1
180,2,35,0.693147180559945,3.55534806148941,1,0,0,1,0,43.75,42.1052631578947,66.6666666666667,1,0.6,1,0.6,1.3,3.5,1,1,1
360,2,23,0.693147180559945,3.13549421592915,1,0,0,1,0,50,66.1016949152542,50,1,0.6,1,0.8,1.36,3.2,1,1,1
720,2,5,0.693147180559945,1.6094379124341,1,0,0,1,0,66.6666666666667,73.2394366197183,100,1,0.8,1,1,2.75,1.44,0,1,0
90,2,45,0.693147180559945,3.80666248977032,0,0,1,0,0,46.2450592885375,37.5,100,0,0.8,0,0.6,1.28,3.75,1,0,0
45,2,85,0.693147180559945,4.44265125649032,0,0,1,0,0,44.6808510638298,50,50,0,0.6,1,0.2,1.14,5.5,1,1,1
90,2,14,0.693147180559945,2.63905732961526,0,0,1,0,0,57.9545454545455,66.6666666666667,50,1,0.6,1,0.8,1.2,4.5,1,1,1
150,2,13,0.693147180559945,2.56494935746154,0,0,1,0,0,59.2783505154639,44.4444444444444,66.6666666666667,1,0.6,1,0.8,1.2,4.5,1,1,1
250,2,60,0.693147180559945,4.0943445622221,0,0,1,0,0,55.8365758754864,65.0943396226415,100,1,0.6,1,0.6,1.28,3.75,1,1,1
90,2,45,0.693147180559945,3.80666248977032,1,0,1,0,0,41.1764705882353,37.1428571428571,75,1,0.8,0,0.4,1.14,5.5,1,1,1
90,2,75,0.693147180559945,4.31748811353631,1,0,1,0,0,66.6666666666667,100,50,1,1,1,0.6,1.05,11,1,1,1
180,2,37,0.693147180559945,3.61091791264422,0,0,1,0,0,61.0320284697509,71.7171717171717,100,1,1,1,0.8,1.16,5,1,1,1
360,2,18,0.693147180559945,2.89037175789616,1,0,1,0,0,40,53.8461538461538,50,1,1,1,0.6,1.16,5,1,0,0
90,2,38,0.693147180559945,3.63758615972639,0,1,0,0,0,53.1914893617021,50,100,0,0.8,1,0.6,1.2,4.5,1,1,1
180,2,85,0.693147180559945,4.44265125649032,0,1,0,0,0,40.625,38.8059701492537,50,1,0.8,1,0.6,1.08,8,1,1,1
360,2,13,0.693147180559945,2.56494935746154,0,1,0,0,0,53.2608695652174,60.655737704918,0,1,0.8,1,0.8,1.22,4.33,1,1,1
600,2,30,0.693147180559945,3.40119738166216,0,1,0,0,0,63.0630630630631,67.0761670761671,50,1,0.8,1,1,1.3,3.5,1,1,1
1000,2,32,0.693147180559945,3.46573590279973,0,1,0,0,0,53.6082474226804,54.2857142857143,75,1,0.8,1,1,1.16,5,1,1,1
90,2,64,0.693147180559945,4.15888308335967,0,1,0,0,0,40.9836065573771,42,100,1,1,1,0.6,1.16,5,1,1,1
180,2,21,0.693147180559945,3.04452243772342,0,1,0,0,0,58.3924349881797,59.6707818930041,66.6666666666667,1,1,1,0.4,1.16,5,1,1,1
360,2,13,0.693147180559945,2.56494935746154,0,1,0,0,0,60.1990049751244,65.7407407407407,75,1,1,1,1,1.28,3.75,1,1,1
600,2,7,0.693147180559945,1.94591014905531,0,1,0,0,0,60.9137055837564,61.0619469026549,100,1,1,1,0.8,1.22,4.33,1,0,0
90,2,79,0.693147180559945,4.36944785246702,1,1,0,0,0,63.4146341463415,60.8695652173913,50,0,0.8,0,0.4,1.04,13,1,1,1
90,2,57,0.693147180559945,4.04305126783455,1,1,0,0,0,57.8947368421053,45.8333333333333,100,1,0.8,1,0.6,1.02,17,1,1,1
180,2,74,0.693147180559945,4.30406509320417,1,1,0,0,0,37.5,27.8350515463918,50,1,0.8,1,0.6,1.01,23,1,1,1
360,2,27,0.693147180559945,3.29583686600433,1,1,0,0,0,53.8461538461538,55.2941176470588,50,1,0.8,1,0.8,1.03,15,1,1,1
720,2,117,0.693147180559945,4.76217393479776,1,1,0,0,0,66.6666666666667,77.7777777777778,50,1,0.8,1,0.8,1.02,19,1,1,1
1200,2,15,0.693147180559945,2.70805020110221,1,1,0,0,0,65.2173913043478,60.3174603174603,100,1,1,1,0.8,1.16,5,1,1,1
2000,2,1,0.693147180559945,0,1,1,0,0,0,88.728323699422,87.3320537428023,50,1,1,1,1,3,1.4,0,0,1
90,2,57,0.693147180559945,4.04305126783455,0,1,0,0,0,41.2698412698413,42.5925925925926,100,1,1,1,0.6,1.06,10,1,1,1
180,2,34,0.693147180559945,3.52636052461616,0,1,0,0,0,53.0612244897959,47.6190476190476,50,1,1,1,0.8,1.08,8,1,1,1
180,2,28,0.693147180559945,3.3322045101752,0,1,0,0,0,58.6046511627907,60.1593625498008,75,1,1,1,0.8,1.12,6,1,0,0
90,2,46,0.693147180559945,3.8286413964891,0,0,0,0,1,54.7945205479452,60,50,0,0.8,1,0.6,1.12,6,1,1,1
180,2,39,0.693147180559945,3.66356164612965,0,0,0,0,1,61.5384615384615,57.1428571428571,50,1,0.8,1,0.6,1.16,5,1,1,1
360,2,103,0.693147180559945,4.63472898822964,0,0,0,0,1,60,50,50,1,0.8,1,0.8,1.1,7,1,1,1
600,2,4,0.693147180559945,1.38629436111989,0,0,0,0,1,68.3385579937304,67.0886075949367,42.8571428571429,1,0.8,1,1,1.72,2.1,1,1,1
1000,2,1,0.693147180559945,0,0,0,0,0,1,82.3863636363636,77.0833333333333,57.1428571428571,1,0.8,1,0.8,1.8,2,1,0,0
600,2,9,0.693147180559945,2.19722457733622,0,0,0,0,1,55.8558558558559,48.1481481481481,50,0,0.8,0,0.6,1.2,4.5,1,1,1
600,2,3,0.693147180559945,1.09861228866811,0,0,0,0,1,68.125,66.25,50,1,0.8,0,0.8,1.53,2.5,1,1,1
600,2,11,0.693147180559945,2.39789527279837,0,0,0,0,1,65.2173913043478,70.7317073170732,100,1,0.8,1,0.4,1.4,2.75,1,1,1
1000,2,8,0.693147180559945,2.07944154167984,0,0,0,0,1,63.9344262295082,50,100,1,0.8,1,0.6,1.14,5.5,1,1,1
1500,2,3,0.693147180559945,1.09861228866811,0,0,0,0,1,68.1114551083591,66.2650602409639,55.5555555555556,1,0.8,1,0.6,1.53,2.5,1,0,0
90,2,91,0.693147180559945,4.51085950651685,1,1,0,0,0,46.6666666666667,39.1304347826087,50,0,0.8,0,0.4,1.01,21,1,1,1
90,2,115,0.693147180559945,4.74493212836325,1,1,0,0,0,65.2173913043478,66.4383561643836,0,1,0.8,1,0.2,1.16,5,1,1,1
180,2,57,0.693147180559945,4.04305126783455,1,1,0,0,0,63.6363636363636,62.5,100,1,0.8,1,0.6,1.03,15,1,1,1
360,2,70,0.693147180559945,4.24849524204936,1,1,0,0,0,66.6666666666667,65,50,1,0.8,1,0.8,1.03,15,1,1,1
720,2,9,0.693147180559945,2.19722457733622,1,1,0,0,0,67.8571428571429,60.8695652173913,100,1,0.8,1,0.8,1.12,6,1,1,1
1200,2,4,0.693147180559945,1.38629436111989,1,1,0,0,0,68.5185185185185,66.9565217391304,85.7142857142857,1,1,1,1,1.36,3.2,1,1,1
2000,2,5,0.693147180559945,1.6094379124341,1,1,0,0,0,88.2530120481928,80.5439330543933,50,1,1,1,1,1.53,2.62,1,0,0
90,2,49,0.693147180559945,3.89182029811063,0,1,0,0,0,46.3476070528967,46.448087431694,100,0,0.8,0,0.2,1.06,10,1,1,1
90,2,68,0.693147180559945,4.21950770517611,0,1,0,0,0,41.4473684210526,29.126213592233,100,1,0.8,1,0.6,1.02,17,1,1,1
180,2,103,0.693147180559945,4.63472898822964,0,1,0,0,0,48.7394957983193,48.936170212766,50,1,0.8,1,0.4,1.06,10,1,1,1
300,2,5,0.693147180559945,1.6094379124341,0,1,0,0,0,81.908302354399,80.7053941908714,33.3333333333333,1,0.8,1,1,1.66,2.2,1,0,0
90,1,158,0,5.06259503302697,0,1,0,0,0,50,40,50,0,0.6,1,0.6,1.05,11,1,1,1
180,1,28,0,3.3322045101752,0,1,0,0,0,63.7152777777778,66.7785234899329,50,1,0.8,1,0.6,1.12,6,1,0,0
90,2,85,0.693147180559945,4.44265125649032,0,1,0,0,0,73.0508474576271,75.177304964539,100,0,0.6,1,0.6,1.12,6,1,1,1
180,2,47,0.693147180559945,3.85014760171006,0,1,0,0,0,46.8085106382979,47.6190476190476,100,1,0.6,1,0.6,1.05,11,1,1,1
180,2,39,0.693147180559945,3.66356164612965,0,1,0,0,0,72.4137931034483,65.2173913043478,50,1,0.6,1,0.8,1.16,5,1,1,1
360,2,10,0.693147180559945,2.30258509299405,0,1,0,0,0,56.3492063492063,62.3529411764706,66.6666666666667,1,0.8,1,0.8,1.25,4,1,0,0
45,2,75,0.693147180559945,4.31748811353631,0,0,0,1,0,62.1861152141802,62.6050420168067,66.6666666666667,0,0.6,1,0.6,1.4,3,1,0,0
90,2,103,0.693147180559945,4.63472898822964,1,0,0,1,0,29.4117647058824,31.5789473684211,50,0,0.6,0,0.2,1.1,7,1,1,1
90,2,56,0.693147180559945,4.02535169073515,1,0,0,1,0,29.1666666666667,61.0526315789474,50,1,0.6,1,0.6,1.36,3.2,1,1,1
180,2,31,0.693147180559945,3.43398720448515,1,0,0,1,0,52.1739130434783,53.6585365853659,50,1,0.6,1,0.6,1.66,2.2,1,1,1
360,2,23,0.693147180559945,3.13549421592915,1,0,0,1,0,71.1111111111111,58.974358974359,100,1,0.6,1,0.8,1.28,3.75,1,0,0
45,2,134,0.693147180559945,4.89783979995091,0,0,1,0,0,56.3988095238095,54.6511627906977,0,0,0.6,0,0.4,1.06,10,1,1,1
90,2,49,0.693147180559945,3.89182029811063,0,0,1,0,0,52.6881720430108,64.2857142857143,100,1,0.8,1,0.6,1.2,4.5,1,1,1
150,2,70,0.693147180559945,4.24849524204936,0,0,1,0,0,45.8128078817734,58.4269662921348,25,1,0.8,1,0.6,1.22,4.33,1,1,1
250,2,205,0.693147180559945,5.32300997913841,0,0,1,0,0,80,100,50,1,0.8,1,0.8,1.14,5.5,1,0,0
90,1,39,0,3.66356164612965,0,0,1,0,0,56.7204301075269,56.0975609756098,66.6666666666667,0,0.6,0,0.6,1.2,4.5,1,1,1
90,1,42,0,3.73766961828337,0,0,1,0,0,52.6315789473684,62.5,100,1,0.8,1,0.6,1.16,5,1,1,1
180,1,20,0,2.99573227355399,0,0,1,0,0,62.7615062761506,70.9677419354839,0,1,0.8,1,0.6,1.33,3.4,1,1,1
300,1,51,0,3.93182563272433,0,0,1,0,0,51.5151515151515,75,50,1,0.8,1,0.8,1.14,5.5,1,1,1
500,1,12,0,2.484906649788,0,0,1,0,0,57.7464788732394,61.9047619047619,50,1,0.8,1,0.8,1.4,3,1,0,0
45,1,43,0,3.76120011569356,0,0,1,0,0,50,40,0,0,0.8,1,0.2,1.12,6,1,1,1
90,1,20,0,2.99573227355399,0,0,1,0,0,62.655601659751,69.6969696969697,25,1,0.8,1,0.6,1.33,3.4,1,0,0
45,1,224,0,5.41164605185504,0,1,0,0,0,0,0,50,0,0.6,0,0,1.05,11,1,1,1
90,1,98,0,4.58496747867057,0,1,0,0,0,42.8571428571429,44.9152542372881,50,1,0.6,1,0.6,1.08,8,1,1,1
150,1,38,0,3.63758615972639,0,1,0,0,0,51.6666666666667,53.7313432835821,100,1,0.6,1,0.8,1.2,4.5,1,1,1
250,1,12,0,2.484906649788,0,1,0,0,0,59.5628415300546,61.1111111111111,100,1,0.8,1,0.8,1.33,3.4,1,1,1
90,1,37,0,3.61091791264422,0,1,0,0,0,66.8421052631579,67.9012345679012,33.3333333333333,1,0.8,1,1,1.5,2.62,1,0,0
90,1,24,0,3.17805383034795,0,1,0,0,0,56.8627450980392,57.1428571428571,100,0,0.8,1,0.6,1.14,5.5,1,1,1
180,1,21,0,3.04452243772342,0,1,0,0,0,53.030303030303,59.6774193548387,33.3333333333333,1,0.8,1,0.4,1.22,4.33,1,1,1
360,1,13,0,2.56494935746154,0,1,0,0,0,54.978354978355,56.7073170731707,50,1,0.8,1,0.8,1.44,2.75,1,1,1
600,1,7,0,1.94591014905531,0,1,0,0,0,66.8,66.6666666666667,87.5,1,0.8,1,0.6,1.33,3.4,1,0,0
90,1,111,0,4.70953020131233,1,1,0,0,0,33.3333333333333,25,50,0,0.6,0,0.2,1.005,29,1,1,1
90,1,58,0,4.06044301054642,1,1,0,0,0,33.3333333333333,57.8947368421053,50,1,0.8,1,0.4,1.01,21,1,1,1
180,1,174,0,5.15905529921453,1,1,0,0,0,100,33.3333333333333,50,1,0.8,1,0.6,1.04,13,1,1,1
360,1,25,0,3.2188758248682,1,1,0,0,0,67.0886075949367,68.2352941176471,25,1,0.8,1,0.8,1.53,2.5,1,0,0
45,4,284,1.38629436111989,5.64897423816121,0,0,0,0,1,60.387323943662,57.7586206896552,66.6666666666667,0,0.6,1,0.2,1.12,6,1,0,0
90,4,40,1.38629436111989,3.68887945411394,0,0,0,0,1,47.5155279503106,24,100,0,0.6,0,0.4,1.06,10,1,1,1
90,4,53,1.38629436111989,3.97029191355212,0,0,0,0,1,51.063829787234,40.9090909090909,50,1,0.6,1,0.6,1.16,5,1,1,1
180,4,21,1.38629436111989,3.04452243772342,0,0,0,0,1,63.1782945736434,55.1020408163265,20,1,0.6,1,0.6,1.4,3,1,1,1
90,4,94,1.38629436111989,4.54329478227,0,0,0,0,1,47.3684210526316,42,50,1,0.6,0,0,1.03,15,1,1,1
90,4,113,1.38629436111989,4.72738781871234,0,0,0,0,1,62.3626373626374,57.9545454545455,40,1,0.8,1,0.8,1.28,3.75,1,1,1
180,4,12,1.38629436111989,2.484906649788,0,0,0,0,1,68,71.7391304347826,100,1,1,1,0.8,1.4,3,1,1,1
300,4,32,1.38629436111989,3.46573590279973,0,0,0,0,1,58.3864118895966,60.3448275862069,60,1,1,1,0.6,1.16,5,1,1,1
500,4,19,1.38629436111989,2.94443897916644,0,0,0,0,1,54.4600938967136,52.9411764705882,50,1,1,1,0.8,1.22,4.33,1,1,1
90,3,25,1.09861228866811,3.2188758248682,0,0,0,0,1,57.3099415204678,60.9756097560976,100,1,1,1,0.6,1.2,4.5,1,0,0
600,5,7,1.6094379124341,1.94591014905531,0,0,0,0,1,62.2641509433962,62.6506024096386,80,0,0.8,0,0.6,1.33,3.4,1,0,0
600,5,3,1.6094379124341,1.09861228866811,0,0,0,0,1,66.7910447761194,61.3333333333333,77.7777777777778,0,0.6,0,0.6,1.5,2.62,1,0,0
600,5,8,1.6094379124341,2.07944154167984,0,0,0,0,1,82.4324324324324,78.6585365853659,50,0,0.4,1,0.8,3.4,1.33,0,1,0
45,7,29,1.94591014905531,3.36729582998647,0,1,0,0,0,51.4925373134328,53.75,100,0,0.2,1,0.4,1.14,5.5,1,1,1
90,7,20,1.94591014905531,2.99573227355399,0,1,0,0,0,53.1598513011152,56.1151079136691,50,1,0.2,1,0.8,1.25,4,1,1,1
150,7,5,1.94591014905531,1.6094379124341,0,1,0,0,0,82.573726541555,87.1212121212121,44.4444444444444,1,0.4,1,1,2.5,1.53,0,1,0
90,8,56,2.07944154167984,4.02535169073515,1,1,0,0,0,30,42.1052631578947,100,0,0.4,0,0.6,1.03,17,1,1,1
90,8,140,2.07944154167984,4.9416424226093,1,1,0,0,0,40.8163265306122,45.3846153846154,50,1,0.6,1,0.4,1.02,19,1,1,1
180,8,31,2.07944154167984,3.43398720448515,1,1,0,0,0,65,61.2244897959184,100,1,0.8,1,0.8,1.2,4.5,1,0,0
90,11,31,2.39789527279837,3.43398720448515,0,0,0,0,1,48.5148514851485,45.4545454545455,100,0,0.6,0,0.4,1.17,5,1,1,1
90,11,35,2.39789527279837,3.55534806148941,0,0,0,0,1,55.8823529411765,52.3809523809524,100,1,0.6,1,0.6,1.13,6,1,1,1
180,11,8,2.39789527279837,2.07944154167984,0,0,0,0,1,60.8040201005025,69.6969696969697,100,1,0.8,1,0.8,1.67,2.2,1,1,1
300,11,28,2.39789527279837,3.3322045101752,0,0,0,0,1,58.5774058577406,60.9756097560976,66.6666666666667,1,0.8,1,0.8,1.2,4.5,1,1,1
500,11,14,2.39789527279837,2.63905732961526,0,0,0,0,1,68.6131386861314,72.7272727272727,100,1,0.8,1,1,1.57,2.38,1,1,1
45,8,147,2.07944154167984,4.99043258677874,0,1,0,0,0,39.1304347826087,33.3333333333333,50,1,1,1,0.6,1.06,10,1,1,1
90,8,94,2.07944154167984,4.54329478227,0,1,0,0,0,33.3333333333333,37.9310344827586,100,1,1,1,0.4,1.05,11,1,1,1
150,8,9,2.07944154167984,2.19722457733622,0,1,0,0,0,60.8910891089109,60,100,1,1,1,0.8,1.4,3,1,1,1
250,8,70,2.07944154167984,4.24849524204936,0,1,0,0,0,72.5649350649351,74.4874715261959,100,1,1,1,0.8,1.14,5.5,1,1,1
90,7,111,1.94591014905531,4.70953020131233,0,1,0,0,0,0,0,50,1,1,0,0,1.02,19,1,1,1
90,7,46,1.94591014905531,3.8286413964891,0,1,0,0,0,51.9230769230769,44.2622950819672,100,1,1,0,0.6,1.14,5.5,1,1,1
180,7,20,1.94591014905531,2.99573227355399,0,1,0,0,0,55.1181102362205,56.551724137931,40,1,1,1,0.4,1.2,4.5,1,1,1
300,7,1,1.94591014905531,0,0,1,0,0,0,82.6897470039947,87.4074074074074,40,1,1,1,1,2.75,1.44,0,0,1
500,7,6,1.94591014905531,1.79175946922805,0,1,0,0,0,61.8705035971223,63.5802469135803,66.6666666666667,1,1,1,0.8,1.22,4.33,1,1,1
90,6,48,1.79175946922805,3.87120101090789,0,1,0,0,0,57.7464788732394,58.3333333333333,50,1,1,1,0.4,1.1,7,1,1,1
180,6,85,1.79175946922805,4.44265125649032,0,1,0,0,0,51.304347826087,50,100,1,1,1,0.2,1.03,15,1,1,1
180,6,14,1.79175946922805,2.63905732961526,0,1,0,0,0,68.2584269662921,69.6629213483146,50,1,1,1,0.8,1.25,4,1,1,1
360,6,28,1.79175946922805,3.3322045101752,0,1,0,0,0,50,51.1111111111111,100,1,1,1,0.8,1.22,4.33,1,1,1
600,6,16,1.79175946922805,2.77258872223978,0,1,0,0,0,49.5327102803738,52.6315789473684,100,1,1,1,0.8,1.25,4,1,1,1
1000,6,2,1.79175946922805,0.693147180559945,0,1,0,0,0,75.2688172043011,75,100,1,1,1,0.8,2.1,1.73,0,1,0
90,5,84,1.6094379124341,4.43081679884331,0,1,0,0,0,45.5223880597015,33.3333333333333,100,0,0.8,0,0.2,1.02,19,1,1,1
180,5,79,1.6094379124341,4.36944785246702,0,1,0,0,0,34.1463414634146,35.4838709677419,50,1,0.8,1,0.6,1.07,9,1,1,1
360,5,119,1.6094379124341,4.77912349311153,0,1,0,0,0,39.3939393939394,35.2941176470588,50,1,0.8,1,0.8,1.04,13,1,1,1
600,5,16,1.6094379124341,2.77258872223978,0,1,0,0,0,53.405017921147,57.1428571428571,66.6666666666667,1,0.8,1,0.8,1.2,4.5,1,1,1
1000,5,11,1.6094379124341,2.39789527279837,0,1,0,0,0,69.5945945945946,72.972972972973,100,1,0.8,1,1,1.91,1.91,1,1,1
90,5,45,1.6094379124341,3.80666248977032,0,0,0,1,0,48.4662576687117,47.887323943662,50,1,1,1,0.8,1.33,3.4,1,1,1
180,5,16,1.6094379124341,2.77258872223978,0,0,0,1,0,68.0555555555556,72.4137931034483,54.5454545454545,1,1,1,0.6,1.57,2.38,1,1,1
360,5,9,1.6094379124341,2.19722457733622,0,0,0,1,0,56.578947368421,51.6129032258064,50,1,1,1,0.6,2.1,1.73,0,1,0
90,3,164,1.09861228866811,5.0998664278242,0,0,0,1,0,57.1428571428571,60,50,0,0.8,1,0.6,1.11,6.5,1,1,1
180,3,96,1.09861228866811,4.56434819146784,0,0,0,1,0,37.5,60,50,1,0.8,1,0.6,1.13,6,1,1,1
180,3,121,1.09861228866811,4.79579054559674,0,0,0,1,0,47.0588235294118,51.4285714285714,50,1,0.8,1,0.8,1.29,3.75,1,0,0
90,3,43,1.09861228866811,3.76120011569356,0,0,0,1,0,51.219512195122,41.3793103448276,100,0,0.6,1,0.6,1.4,3,1,1,1
180,3,38,1.09861228866811,3.63758615972639,0,0,0,1,0,43.6363636363636,53.4883720930233,50,1,0.6,1,0.8,1.22,4.33,1,1,1
180,3,22,1.09861228866811,3.09104245335832,0,0,0,1,0,67.7595628415301,71.523178807947,58.3333333333333,1,0.8,1,0.6,1.67,2.2,1,1,1
360,3,101,1.09861228866811,4.61512051684126,0,0,0,1,0,56.0606060606061,59.6153846153846,50,1,0.8,1,0.8,1.4,3,1,1,1
600,3,5,1.09861228866811,1.6094379124341,0,0,0,1,0,66.8965517241379,75,70,1,0.8,1,0.8,2.3,1.62,0,0,1
1000,3,7,1.09861228866811,1.94591014905531,0,0,0,1,0,61.1111111111111,62.2222222222222,0,1,1,1,1,1.91,1.91,1,1,1
