"Date","Player_1","Player_2","Winner","Rank_1","Rank_2","Odd_1","Odd_2","Court","Five_Set","Match_Importance","Opponent","Odd_Ruud","Odd_Opp","Rank_Ruud","Rank_Opp","Win","Odd_Pred","Grass","Clay","Indoor","Hard","Odd_Acc","Opp_Court_Perc","Opp_Set_Perc","H2H_Ruud","Pre_Ruud","Pre5_Ruud","Pre_Opp","Pre5_Opp","Log_Rank_Ruud","Log_Rank_Opp"
"2016-09-28","Troicki V.","Ruud C.","Troicki V.",32,258,1.16,5,"Hard Outdoor",0,45,"Troicki V.",5,1.16,258,32,0,0,0,0,0,1,1,52.6011560693642,52.0249221183801,50,0,0,0,0.6,5.55295958492162,3.46573590279973
"2017-01-03","Ruud C.","Olivo R.","Olivo R.",225,83,1.9,1.8,"Hard Outdoor",0,45,"Olivo R.",1.9,1.8,225,83,0,0,0,0,0,1,1,33.3333333333333,50,50,0,0,0,0.6,5.41610040220442,4.4188406077966
"2017-02-20","Dutra Silva R.","Ruud C.","Ruud C.",439,208,1.36,3,"Clay",0,90,"Dutra Silva R.",3,1.36,208,439,1,0,0,1,0,0,0,14.2857142857143,18.1818181818182,50,0,0,0,0.2,5.33753807970132,6.08449941307517
"2017-02-23","Ruud C.","Carballes Baena R.","Ruud C.",208,132,2.5,1.5,"Clay",0,90,"Carballes Baena R.",2.5,1.5,208,132,1,0,0,1,0,0,0,44,44,50,1,0,1,0.6,5.33753807970132,4.88280192258637
"2017-02-24","Ruud C.","Monteiro T.","Ruud C.",208,85,2.75,1.4,"Clay",0,180,"Monteiro T.",2.75,1.4,208,85,1,0,0,1,0,0,0,58.3333333333333,43.75,50,1,0,1,0.6,5.33753807970132,4.44265125649032
"2017-02-25","Carreno Busta P.","Ruud C.","Carreno Busta P.",24,208,1.28,3.75,"Clay",0,300,"Carreno Busta P.",3.75,1.28,208,24,0,0,0,1,0,0,1,66.6666666666667,66.6666666666667,50,1,0.6,1,0.8,5.33753807970132,3.17805383034795
"2017-03-23","Ruud C.","Lu Y.H.","Lu Y.H.",128,64,2.75,1.4,"Hard Outdoor",0,90,"Lu Y.H.",2.75,1.4,128,64,0,0,0,0,0,1,1,43.4343434343434,43.0278884462151,50,0,0.6,0,0.2,4.85203026391962,4.15888308335967
"2017-04-18","Struff J.L.","Ruud C.","Struff J.L.",58,127,1.28,3.5,"Clay",0,90,"Struff J.L.",3.5,1.28,127,58,0,0,0,1,0,0,1,31.4285714285714,39.0804597701149,50,0,0.6,0,0.6,4.84418708645859,4.06044301054642
"2017-04-24","Ruud C.","Albot R.","Ruud C.",126,81,1.4,2.75,"Clay",0,90,"Albot R.",1.4,2.75,126,81,1,1,0,1,0,0,1,30,23.0769230769231,50,0,0.4,0,0.2,4.83628190695148,4.39444915467244
"2017-04-26","Ruud C.","Ramos-Vinolas A.","Ramos-Vinolas A.",126,19,3.4,1.3,"Clay",0,90,"Ramos-Vinolas A.",3.4,1.3,126,19,0,0,0,1,0,0,1,51.9480519480519,47.0588235294118,50,1,0.4,0,0.8,4.83628190695148,2.94443897916644
"2017-05-02","Kohlschreiber P.","Ruud C.","Kohlschreiber P.",39,118,1.22,4,"Clay",0,45,"Kohlschreiber P.",4,1.22,118,39,0,0,0,1,0,0,1,57.6744186046512,56.640625,50,0,0.2,0,0.6,4.77068462446567,3.66356164612965
"2018-01-09","Haase R.","Ruud C.","Haase R.",43,137,1.36,3,"Hard Outdoor",0,45,"Haase R.",3,1.36,137,43,0,0,0,0,0,1,1,40.7079646017699,46.8646864686469,50,0,0.2,0,0.6,4.91998092582813,3.76120011569356
"2018-01-15","Ruud C.","Halys Q.","Ruud C.",138,134,1.8,2,"Hard Outdoor",1,90,"Halys Q.",1.8,2,138,134,1,1,0,0,0,1,1,50,28.5714285714286,50,0,0.2,1,0.4,4.92725368515721,4.89783979995091
"2018-01-17","Schwartzman D.","Ruud C.","Schwartzman D.",26,138,1.25,4,"Hard Outdoor",1,90,"Schwartzman D.",4,1.25,138,26,0,0,0,0,0,1,1,51.0204081632653,45.8333333333333,50,1,0.4,1,0.4,4.92725368515721,3.25809653802148
"2018-02-05","Ruud C.","Berlocq C.","Ruud C.",122,119,1.57,2.25,"Clay",0,45,"Berlocq C.",1.57,2.25,122,119,1,1,0,1,0,0,1,47.7272727272727,44.7826086956522,50,0,0.2,0,0.4,4.80402104473326,4.77912349311153
"2018-02-08","Ruud C.","Monfils G.","Monfils G.",122,43,3,1.36,"Clay",0,45,"Monfils G.",3,1.36,122,43,0,0,0,1,0,0,1,63.4146341463415,63.3771929824561,50,1,0.4,0,0.8,4.80402104473326,3.76120011569356
"2018-05-01","Ruud C.","Copil M.","Ruud C.",193,86,1.8,1.9,"Clay",0,45,"Copil M.",1.8,1.9,193,86,1,1,0,1,0,0,1,29.1666666666667,40.8450704225352,50,0,0.4,0,0.2,5.26269018890489,4.45434729625351
"2018-05-03","Ruud C.","Bautista Agut R.","Bautista Agut R.",193,14,4.33,1.2,"Clay",0,45,"Bautista Agut R.",4.33,1.2,193,14,0,0,0,1,0,0,1,62.1621621621622,65.0485436893204,50,1,0.6,0,0.6,5.26269018890489,2.63905732961526
"2018-05-28","Ruud C.","Thompson J.","Ruud C.",157,91,1.33,3.4,"Clay",1,90,"Thompson J.",1.33,3.4,157,91,1,1,0,1,0,0,1,37.5,21.4285714285714,50,0,0.4,0,0,5.05624580534831,4.51085950651685
"2018-05-31","Ramos-Vinolas A.","Ruud C.","Ramos-Vinolas A.",36,157,1.44,2.75,"Clay",1,90,"Ramos-Vinolas A.",2.75,1.44,157,36,0,0,0,1,0,0,1,51.3513513513513,54.8387096774194,0,1,0.6,1,0.6,5.05624580534831,3.58351893845611
"2018-07-16","Munar J.","Ruud C.","Ruud C.",90,147,1.8,1.9,"Clay",0,45,"Munar J.",1.9,1.8,147,90,1,0,0,1,0,0,0,28.5714285714286,20,50,0,0.4,0,0.4,4.99043258677874,4.49980967033027
"2018-07-19","Ruud C.","Ferrer D.","Ruud C.",147,39,2.37,1.53,"Clay",0,45,"Ferrer D.",2.37,1.53,147,39,1,0,0,1,0,0,0,69.9052132701422,65.530303030303,50,1,0.6,1,0.4,4.99043258677874,3.66356164612965
"2018-07-20","Gasquet R.","Ruud C.","Gasquet R.",29,147,1.5,2.62,"Clay",0,90,"Gasquet R.",2.62,1.5,147,29,0,0,0,1,0,0,1,64.1414141414141,63.588850174216,50,1,0.6,1,0.6,4.99043258677874,3.36729582998647
"2018-07-23","Schwartzman D.","Ruud C.","Schwartzman D.",12,141,1.28,3.5,"Clay",0,90,"Schwartzman D.",3.5,1.28,141,12,0,0,0,1,0,0,1,51.7241379310345,50,0,0,0.6,0,0.2,4.94875989037817,2.484906649788
"2018-08-27","Ruud C.","Pella G.","Pella G.",143,66,2.1,1.72,"Hard Outdoor",1,90,"Pella G.",2.1,1.72,143,66,0,0,0,0,0,1,1,40,34.7826086956522,50,0,0.4,0,0.6,4.96284463025991,4.18965474202643
"2019-02-19","Berlocq C.","Ruud C.","Ruud C.",140,135,2.61,1.52,"Clay",0,90,"Berlocq C.",1.52,2.61,135,140,1,1,0,1,0,0,1,46.6666666666667,44.017094017094,100,0,0.4,0,0,4.90527477843843,4.9416424226093
"2019-02-21","Sousa J.","Ruud C.","Ruud C.",40,135,1.57,2.25,"Clay",0,90,"Sousa J.",2.25,1.57,135,40,1,0,0,1,0,0,0,47.8632478632479,45.2205882352941,50,1,0.4,1,0.6,4.90527477843843,3.68887945411394
"2019-02-22","Djere L.","Ruud C.","Djere L.",90,135,1.72,2.1,"Clay",0,180,"Djere L.",2.1,1.72,135,90,0,0,0,1,0,0,1,61.5384615384615,50,50,1,0.4,1,0.4,4.90527477843843,4.49980967033027
"2019-03-21","Auger-Aliassime F.","Ruud C.","Auger-Aliassime F.",57,98,1.44,2.62,"Hard Outdoor",0,90,"Auger-Aliassime F.",2.62,1.44,98,57,0,0,0,0,0,1,1,54.5454545454545,48,50,0,0.4,0,0.6,4.58496747867057,4.04305126783455
"2019-04-08","Dellien H.","Ruud C.","Ruud C.",76,95,3,1.36,"Clay",0,45,"Dellien H.",1.36,3,95,76,1,1,0,1,0,0,1,50,50,50,0,0.4,0,0.4,4.55387689160054,4.33073334028633
"2019-04-11","Opelka R.","Ruud C.","Ruud C.",56,95,1.83,1.83,"Clay",0,45,"Opelka R.",1.83,1.83,95,56,1,1,0,1,0,0,1,0,45.4545454545455,50,1,0.6,0,0.4,4.55387689160054,4.02535169073515
"2019-04-12","Ruud C.","Granollers M.","Ruud C.",95,112,1.57,2.37,"Clay",0,90,"Granollers M.",1.57,2.37,95,112,1,1,0,1,0,0,1,47.9166666666667,45.0151057401813,50,1,0.6,1,0.4,4.55387689160054,4.71849887129509
"2019-04-13","Galan D.E.","Ruud C.","Ruud C.",241,95,3.75,1.28,"Clay",0,150,"Galan D.E.",1.28,3.75,95,241,1,1,0,1,0,0,1,75,60,50,1,0.6,1,0.6,4.55387689160054,5.48479693349065
"2019-04-14","Garin C.","Ruud C.","Garin C.",73,95,1.66,2.2,"Clay",0,250,"Garin C.",2.2,1.66,95,73,0,0,0,1,0,0,1,53.8461538461538,53.8461538461538,50,1,0.8,1,0.8,4.55387689160054,4.29045944114839
"2019-05-13","Evans D.","Ruud C.","Ruud C.",83,76,3,1.36,"Clay",0,90,"Evans D.",1.36,3,76,83,1,1,0,1,0,0,1,28.5714285714286,47.0588235294118,50,0,0.8,0,0.4,4.33073334028633,4.4188406077966
"2019-05-16","Ruud C.","Del Potro J.M.","Del Potro J.M.",76,9,3.2,1.36,"Clay",0,180,"Del Potro J.M.",3.2,1.36,76,9,0,0,0,1,0,0,1,72.5274725274725,72.3039215686274,50,1,0.8,0,0.6,4.33073334028633,2.19722457733622
"2019-05-26","Gulbis E.","Ruud C.","Ruud C.",79,63,3.75,1.28,"Clay",1,90,"Gulbis E.",1.28,3.75,63,79,1,1,0,1,0,0,1,50.4,48,50,0,0.6,0,0.2,4.14313472639153,4.36944785246702
"2019-05-29","Berrettini M.","Ruud C.","Ruud C.",31,63,1.53,2.5,"Clay",1,90,"Berrettini M.",2.5,1.53,63,31,1,0,0,1,0,0,0,68.5714285714286,44.4444444444444,50,1,0.6,1,0.6,4.14313472639153,3.43398720448515
"2019-05-31","Federer R.","Ruud C.","Federer R.",3,63,1.11,6.5,"Clay",1,180,"Federer R.",6.5,1.11,63,3,0,0,0,1,0,0,1,78.8235294117647,86.2155388471178,50,1,0.6,1,0.8,4.14313472639153,1.09861228866811
"2019-07-02","Ruud C.","Isner J.","Isner J.",62,12,3.75,1.28,"Grass",1,90,"Isner J.",3.75,1.28,62,12,0,0,1,0,0,0,1,65,63.716814159292,50,0,0.6,0,0.8,4.12713438504509,2.484906649788
"2019-07-16","Ruud C.","Dzumhur D.","Dzumhur D.",65,95,1.4,2.75,"Clay",0,45,"Dzumhur D.",1.4,2.75,65,95,0,1,0,1,0,0,0,40.4255319148936,52.0547945205479,50,0,0.4,0,0.4,4.17438726989564,4.55387689160054
"2019-07-23","Ruud C.","Haase R.","Ruud C.",69,86,1.44,2.62,"Clay",0,90,"Haase R.",1.44,2.62,69,86,1,1,0,1,0,0,1,49.3243243243243,46.3013698630137,0,0,0.4,0,0.2,4.23410650459726,4.45434729625351
"2019-07-24","Ruud C.","Rublev A.","Rublev A.",69,78,1.72,2,"Clay",0,90,"Rublev A.",1.72,2,69,78,0,1,0,1,0,0,0,46.1538461538462,44.6808510638298,50,1,0.4,1,0.6,4.23410650459726,4.35670882668959
"2019-07-30","Carreno Busta P.","Ruud C.","Ruud C.",47,65,1.66,2.1,"Clay",0,45,"Carreno Busta P.",2.1,1.66,65,47,1,0,0,1,0,0,0,62.0253164556962,56.9343065693431,0,0,0.2,0,0.6,4.17438726989564,3.85014760171006
"2019-07-31","Bachinger M.","Ruud C.","Ruud C.",125,65,3.75,1.25,"Clay",0,45,"Bachinger M.",1.25,3.75,65,125,1,1,0,1,0,0,1,40,40.5797101449275,50,1,0.4,1,0.6,4.17438726989564,4.8283137373023
"2019-08-01","Cuevas P.","Ruud C.","Ruud C.",53,65,1.72,2.1,"Clay",0,90,"Cuevas P.",2.1,1.72,65,53,1,0,0,1,0,0,0,56.0386473429952,51.9163763066202,50,1,0.6,1,0.4,4.17438726989564,3.97029191355212
"2019-08-02","Ramos-Vinolas A.","Ruud C.","Ramos-Vinolas A.",69,65,1.61,2.3,"Clay",0,150,"Ramos-Vinolas A.",2.3,1.61,65,69,0,0,0,1,0,0,1,53.4722222222222,46.7592592592593,0,1,0.8,1,1,4.17438726989564,4.23410650459726
"2019-08-12","Pella G.","Ruud C.","Pella G.",22,54,1.53,2.37,"Hard Outdoor",0,90,"Pella G.",2.37,1.53,54,22,0,0,0,0,0,1,1,42.6229508196721,48.2269503546099,0,0,0.6,0,0.6,3.98898404656427,3.09104245335832
"2019-08-21","Ruud C.","Johnson S.","Johnson S.",54,82,2.75,1.44,"Hard Outdoor",0,45,"Johnson S.",2.75,1.44,54,82,0,0,0,0,0,1,1,49.0909090909091,50.5928853754941,50,0,0.6,1,0.4,3.98898404656427,4.40671924726425
"2019-08-27","Struff J.L.","Ruud C.","Struff J.L.",37,54,1.36,3.2,"Hard Outdoor",1,90,"Struff J.L.",3.2,1.36,54,37,0,0,0,0,0,1,1,42.8571428571429,36.8421052631579,0,0,0.4,0,0.6,3.98898404656427,3.61091791264422
"2019-09-18","Bublik A.","Ruud C.","Ruud C.",70,60,1.66,2.1,"Hard Indoor",0,45,"Bublik A.",2.1,1.66,60,70,1,0,0,0,1,0,0,50,47.8260869565217,50,0,0.2,0,0.6,4.0943445622221,4.24849524204936
"2019-09-19","Ruud C.","Caruso S.","Ruud C.",60,114,1.4,2.75,"Hard Indoor",0,45,"Caruso S.",1.4,2.75,60,114,1,1,0,0,1,0,1,50,45.4545454545455,50,1,0.2,1,0.8,4.0943445622221,4.7361984483945
"2019-09-20","Ruud C.","Coric B.","Coric B.",60,15,2.3,1.61,"Hard Indoor",0,90,"Coric B.",2.3,1.61,60,15,0,0,0,0,1,0,1,41.3793103448276,54.3589743589744,50,1,0.4,1,0.4,4.0943445622221,2.70805020110221
"2019-10-15","Ruud C.","Krajinovic F.","Krajinovic F.",59,60,2.75,1.4,"Hard Indoor",0,45,"Krajinovic F.",2.75,1.4,59,60,0,0,0,0,1,0,1,51.5151515151515,50,50,0,0.4,0,0.4,4.07753744390572,4.0943445622221
"2019-10-28","Mannarino A.","Ruud C.","Mannarino A.",43,63,1.44,2.62,"Hard Indoor",0,90,"Mannarino A.",2.62,1.44,63,43,0,0,0,0,1,0,1,42.1686746987952,46.8085106382979,50,0,0.4,0,0.6,4.14313472639153,3.76120011569356
"2020-01-13","Ruud C.","Humbert U.","Humbert U.",46,57,1.83,1.83,"Hard Outdoor",0,45,"Humbert U.",1.83,1.83,46,57,0,1,0,0,0,1,0,25,40.625,50,0,0.4,0,0.6,3.8286413964891,4.04305126783455
"2020-01-21","Ruud C.","Gerasimov E.","Gerasimov E.",48,98,1.4,3,"Hard Outdoor",1,90,"Gerasimov E.",1.4,3,48,98,0,1,0,0,0,1,0,54.5454545454545,50,50,0,0.2,0,0.6,3.87120101090789,4.58496747867057
"2020-02-10","Ruud C.","Andujar P.","Ruud C.",45,58,1.61,2.2,"Clay",0,45,"Andujar P.",1.61,2.2,45,58,1,1,0,1,0,0,1,51.6129032258064,41.4814814814815,50,0,0,0,0.2,3.80666248977032,4.06044301054642
"2020-02-12","Carballes Baena R.","Ruud C.","Ruud C.",88,45,3.4,1.3,"Clay",0,45,"Carballes Baena R.",1.3,3.4,45,88,1,1,0,1,0,0,1,51.4705882352941,50.6024096385542,100,1,0.2,1,0.4,3.80666248977032,4.47733681447821
"2020-02-14","Lajovic D.","Ruud C.","Ruud C.",23,45,2.62,1.5,"Clay",0,90,"Lajovic D.",1.5,2.62,45,23,1,1,0,1,0,0,1,50.4587155963303,43.455497382199,50,1,0.4,1,0.6,3.80666248977032,3.13549421592915
"2020-02-15","Londero J.I.","Ruud C.","Ruud C.",69,45,2.37,1.57,"Clay",0,150,"Londero J.I.",1.57,2.37,45,69,1,1,0,1,0,0,1,62.8571428571429,51.1627906976744,50,1,0.6,1,0.8,3.80666248977032,4.23410650459726
"2020-02-16","Ruud C.","Sousa P.","Ruud C.",45,145,1.14,5.5,"Clay",0,250,"Sousa P.",1.14,5.5,45,145,1,1,0,1,0,0,1,29.4117647058824,27.7777777777778,50,1,0.8,1,0.6,3.80666248977032,4.97673374242057
"2020-02-18","Ruud C.","Mager G.","Mager G.",34,128,1.25,3.75,"Clay",0,90,"Mager G.",1.25,3.75,34,128,0,1,0,1,0,0,0,50,50,50,1,1,0,0.4,3.52636052461616,4.85203026391962
"2020-08-23","Ruud C.","Schwartzman D.","Schwartzman D.",36,13,2.62,1.44,"Hard Outdoor",0,90,"Schwartzman D.",2.62,1.44,36,13,0,0,0,0,0,1,1,55.1020408163265,53.4313725490196,0,0,0.8,1,0.8,3.58351893845611,2.56494935746154
"2020-09-01","Mcdonald M.","Ruud C.","Ruud C.",243,37,2.37,1.57,"Hard Outdoor",1,90,"Mcdonald M.",1.57,2.37,37,243,1,1,0,0,0,1,1,33.3333333333333,41.6666666666667,50,0,0.6,0,0.2,3.61091791264422,5.49306144334055
"2020-09-05","Ruud C.","Berrettini M.","Berrettini M.",37,8,5.5,1.14,"Hard Outdoor",1,180,"Berrettini M.",5.5,1.14,37,8,0,0,0,0,0,1,1,50,62.5,100,1,0.6,1,0.6,3.61091791264422,2.07944154167984
"2020-09-14","Ruud C.","Khachanov K.","Ruud C.",34,16,1.9,1.9,"Clay",0,90,"Khachanov K.",1.9,1.9,34,16,1,1,0,1,0,0,1,56.6037735849057,52.6946107784431,50,0,0.4,0,0.6,3.52636052461616,2.77258872223978
"2020-09-17","Sonego L.","Ruud C.","Ruud C.",47,34,3,1.36,"Clay",0,90,"Sonego L.",1.36,3,34,47,1,1,0,1,0,0,1,47.0588235294118,45.2830188679245,50,1,0.4,1,0.4,3.52636052461616,3.85014760171006
"2020-09-18","Cilic M.","Ruud C.","Ruud C.",40,34,2.1,1.66,"Clay",0,180,"Cilic M.",1.66,2.1,34,40,1,1,0,1,0,0,1,60.1156069364162,61.4661654135338,50,1,0.6,1,0.8,3.52636052461616,3.68887945411394
"2020-09-19","Ruud C.","Berrettini M.","Ruud C.",34,8,2.37,1.57,"Clay",0,360,"Berrettini M.",2.37,1.57,34,8,1,0,0,1,0,0,0,68.4210526315789,60,50,1,0.8,1,0.8,3.52636052461616,2.07944154167984
"2020-09-20","Djokovic N.","Ruud C.","Djokovic N.",1,34,1.16,5,"Clay",0,600,"Djokovic N.",5,1.16,34,1,0,0,0,1,0,0,1,81.4516129032258,82.5958702064897,50,1,0.8,1,1,3.52636052461616,0
"2020-09-24","Fognini F.","Ruud C.","Ruud C.",15,30,2.62,1.44,"Clay",0,90,"Fognini F.",1.44,2.62,30,15,1,1,0,1,0,0,1,57.6802507836991,52.3715415019763,50,0,0.8,1,0.2,3.40119738166216,2.70805020110221
"2020-09-25","Ruud C.","Humbert U.","Ruud C.",30,41,1.36,3,"Clay",0,180,"Humbert U.",1.36,3,30,41,1,1,0,1,0,0,1,50,50.9803921568627,0,1,0.8,1,0.8,3.40119738166216,3.71357206670431
"2020-09-26","Rublev A.","Ruud C.","Rublev A.",14,30,1.44,2.62,"Clay",0,300,"Rublev A.",2.62,1.44,30,14,0,0,0,1,0,0,1,54.2857142857143,54.8611111111111,0,1,0.8,1,0.8,3.40119738166216,2.63905732961526
"2020-09-28","Sugita Y.","Ruud C.","Ruud C.",94,25,15,1.03,"Clay",1,90,"Sugita Y.",1.03,15,25,94,1,1,0,1,0,0,1,26.6666666666667,23.5294117647059,50,0,0.6,0,0.4,3.2188758248682,4.54329478227
"2020-09-30","Ruud C.","Paul T.","Ruud C.",25,58,1.2,4.5,"Clay",1,90,"Paul T.",1.2,4.5,25,58,1,1,0,1,0,0,1,50,37.5,50,1,0.6,1,0.4,3.2188758248682,4.06044301054642
"2020-10-02","Ruud C.","Thiem D.","Thiem D.",25,3,5.5,1.14,"Clay",1,180,"Thiem D.",5.5,1.14,25,3,0,0,0,1,0,0,1,74.2690058479532,75.2808988764045,50,1,0.8,1,1,3.2188758248682,1.09861228866811
"2020-10-15","Hanfmann Y.","Ruud C.","Hanfmann Y.",101,25,3,1.36,"Clay",0,45,"Hanfmann Y.",1.36,3,25,101,0,1,0,1,0,0,0,54.1666666666667,53.8461538461538,50,0,0.6,1,0.6,3.2188758248682,4.61512051684126
"2020-10-28","Sinner J.","Ruud C.","Sinner J.",43,27,1.22,4,"Hard Indoor",0,90,"Sinner J.",4,1.22,27,43,0,0,0,0,1,0,1,56.25,50,50,0,0.4,0,0.6,3.29583686600433,3.76120011569356
"2020-11-02","Humbert U.","Ruud C.","Humbert U.",34,27,1.33,3.25,"Hard Indoor",0,90,"Humbert U.",3.25,1.33,27,34,0,0,0,0,1,0,1,58.3333333333333,54.2372881355932,50,0,0.4,1,1,3.29583686600433,3.52636052461616
"2021-02-03","Ruud C.","Vesely J.","Vesely J.",27,69,1.72,2,"Hard Outdoor",0,45,"Vesely J.",1.72,2,27,69,0,1,0,0,0,1,0,47.0588235294118,49.1891891891892,50,0,0.2,1,0.4,3.29583686600433,4.23410650459726
"2021-02-11","Ruud C.","Paul T.","Ruud C.",28,53,1.72,2.1,"Hard Outdoor",1,90,"Paul T.",1.72,2.1,28,53,1,1,0,0,0,1,1,51.2820512820513,40,100,0,0,1,0.6,3.3322045101752,3.97029191355212
"2021-02-13","Albot R.","Ruud C.","Ruud C.",85,28,3.4,1.33,"Hard Outdoor",1,180,"Albot R.",1.33,3.4,28,85,1,1,0,0,0,1,1,34.4827586206897,38.7096774193548,100,1,0.2,1,0.4,3.3322045101752,4.44265125649032
"2021-03-17","Galan D.E.","Ruud C.","Ruud C.",112,25,4,1.25,"Hard Outdoor",0,90,"Galan D.E.",1.25,4,25,112,1,1,0,0,0,1,1,20,41.6666666666667,100,1,0.4,0,0.2,3.2188758248682,4.71849887129509
"2021-03-18","Ruud C.","Griekspoor T.","Ruud C.",25,154,1.36,3.2,"Hard Outdoor",0,90,"Griekspoor T.",1.36,3.2,25,154,1,1,0,0,0,1,1,50,40,50,1,0.6,1,0.4,3.2188758248682,5.03695260241363
"2021-04-08","Mager G.","Ruud C.","Ruud C.",91,26,2.5,1.53,"Hard Outdoor",0,45,"Mager G.",1.53,2.5,26,91,1,1,0,0,0,1,1,42.8571428571429,52.6315789473684,0,1,0.8,1,0.4,3.25809653802148,4.51085950651685
"2021-04-09","Alcaraz C.","Ruud C.","Alcaraz C.",133,26,2.75,1.44,"Hard Outdoor",0,90,"Alcaraz C.",1.44,2.75,26,133,0,1,0,0,0,1,0,50,50,50,1,1,1,0.4,3.25809653802148,4.89034912822175
"2021-04-13","Rune H.","Ruud C.","Ruud C.",322,27,5,1.16,"Clay",0,90,"Rune H.",1.16,5,27,322,1,1,0,1,0,0,1,0,0,50,0,0.8,0,0,3.29583686600433,5.77455154554441
"2021-04-14","Schwartzman D.","Ruud C.","Ruud C.",9,27,1.53,2.5,"Clay",0,90,"Schwartzman D.",2.5,1.53,27,9,1,0,0,1,0,0,0,58.8235294117647,54.5064377682403,0,1,0.8,0,0.6,3.29583686600433,2.19722457733622
"2021-04-15","Carreno Busta P.","Ruud C.","Ruud C.",12,27,1.9,1.9,"Clay",0,180,"Carreno Busta P.",1.9,1.9,27,12,1,1,0,1,0,0,1,62.5,58.9189189189189,50,1,0.8,1,1,3.29583686600433,2.484906649788
"2021-04-16","Fognini F.","Ruud C.","Ruud C.",18,27,2.1,1.72,"Clay",0,360,"Fognini F.",1.72,2.1,27,18,1,1,0,1,0,0,1,57.7160493827161,52.3255813953488,100,1,0.8,1,0.6,3.29583686600433,2.89037175789616
"2021-04-17","Rublev A.","Ruud C.","Rublev A.",8,27,1.33,3.4,"Clay",0,600,"Rublev A.",3.4,1.33,27,8,0,0,0,1,0,0,1,62.2222222222222,59.8870056497175,0,1,0.8,1,0.8,3.29583686600433,2.07944154167984
"2021-04-28","Ruud C.","Cuevas P.","Ruud C.",24,85,1.16,5,"Clay",0,45,"Cuevas P.",1.16,5,24,85,1,1,0,1,0,0,1,55.6561085972851,51.2903225806452,100,0,0.8,1,0.6,3.17805383034795,4.44265125649032
"2021-05-01","Millman J.","Ruud C.","Ruud C.",40,24,6,1.12,"Clay",0,90,"Millman J.",1.12,6,24,40,1,1,0,1,0,0,1,41.1764705882353,44.2176870748299,50,1,0.8,1,0.6,3.17805383034795,3.68887945411394
"2021-05-01","Ruud C.","Basilashvili N.","Basilashvili N.",24,35,1.28,3.75,"Clay",0,150,"Basilashvili N.",1.28,3.75,24,35,0,1,0,1,0,0,0,50.7936507936508,48.5380116959064,50,1,0.8,1,0.6,3.17805383034795,3.55534806148941
"2021-05-04","Ruud C.","Auger-Aliassime F.","Ruud C.",22,20,2,1.8,"Clay",0,90,"Auger-Aliassime F.",2,1.8,22,20,1,0,0,1,0,0,0,50,56.1904761904762,0,0,0.6,0,0.4,3.09104245335832,2.99573227355399
"2021-05-05","Ruud C.","Nishioka Y.","Ruud C.",22,60,1.11,6.5,"Clay",0,90,"Nishioka Y.",1.11,6.5,22,60,1,1,0,1,0,0,1,29.4117647058824,52.5773195876289,50,1,0.6,1,0.4,3.09104245335832,4.0943445622221
"2021-05-06","Ruud C.","Tsitsipas S.","Ruud C.",22,5,4,1.25,"Clay",0,180,"Tsitsipas S.",4,1.25,22,5,1,0,0,1,0,0,0,71.1864406779661,64.4444444444444,50,1,0.8,1,0.8,3.09104245335832,1.6094379124341
"2021-05-07","Bublik A.","Ruud C.","Ruud C.",44,22,3.5,1.3,"Clay",0,360,"Bublik A.",1.3,3.5,22,44,1,1,0,1,0,0,1,50,53.6585365853659,100,1,0.8,1,0.6,3.09104245335832,3.78418963391826
"2021-05-08","Berrettini M.","Ruud C.","Berrettini M.",10,22,2.2,1.66,"Clay",0,600,"Berrettini M.",1.66,2.2,22,10,0,1,0,1,0,0,0,70,61.2244897959184,66.6666666666667,1,0.8,1,1,3.09104245335832,2.30258509299405
"2021-05-19","Sandgren T.","Ruud C.","Ruud C.",67,21,6.5,1.11,"Clay",0,45,"Sandgren T.",1.11,6.5,21,67,1,1,0,1,0,0,1,32,32.3529411764706,50,0,0.8,1,0.2,3.04452243772342,4.20469261939097
"2021-05-20","Koepfer D.","Ruud C.","Ruud C.",59,21,5,1.16,"Clay",0,90,"Koepfer D.",1.16,5,21,59,1,1,0,1,0,0,1,50,45.1612903225806,50,1,0.8,1,0.6,3.04452243772342,4.07753744390572
"2021-05-21","Ruud C.","Andujar P.","Ruud C.",21,75,1.2,4.5,"Clay",0,150,"Andujar P.",1.2,4.5,21,75,1,1,0,1,0,0,1,51.2315270935961,41.4383561643836,100,1,0.8,1,0.6,3.04452243772342,4.31748811353631
"2021-05-22","Ruud C.","Shapovalov D.","Ruud C.",21,15,1.61,2.3,"Clay",0,250,"Shapovalov D.",1.61,2.3,21,15,1,1,0,1,0,0,1,55.2631578947368,54.8387096774194,50,1,0.8,1,0.8,3.04452243772342,2.70805020110221
"2021-05-31","Ruud C.","Paire B.","Ruud C.",16,40,1.05,11,"Clay",1,90,"Paire B.",1.05,11,16,40,1,1,0,1,0,0,1,50.6410256410256,50,50,1,0.8,0,0.2,2.77258872223978,3.68887945411394
"2021-06-02","Ruud C.","Majchrzak K.","Ruud C.",16,126,1.06,10,"Clay",1,90,"Majchrzak K.",1.06,10,16,126,1,1,0,1,0,0,1,33.3333333333333,37.5,50,1,1,1,0.4,2.77258872223978,4.83628190695148
"2021-06-04","Ruud C.","Davidovich Fokina A.","Davidovich Fokina A.",16,46,1.25,4,"Clay",1,180,"Davidovich Fokina A.",1.25,4,16,46,0,1,0,1,0,0,0,53.5714285714286,63.6363636363636,50,1,1,1,0.8,2.77258872223978,3.8286413964891
"2021-06-21","Simon G.","Ruud C.","Ruud C.",93,14,2.5,1.53,"Grass",0,45,"Simon G.",1.53,2.5,14,93,1,1,1,0,0,0,1,55.952380952381,56.732223903177,50,0,0.8,0,0,2.63905732961526,4.53259949315326
"2021-06-22","Sandgren T.","Ruud C.","Ruud C.",68,14,2.62,1.5,"Grass",0,45,"Sandgren T.",1.5,2.62,14,68,1,1,1,0,0,0,1,54.5454545454545,32.3943661971831,100,1,0.8,1,0.4,2.63905732961526,4.21950770517611
"2021-06-24","Medvedev D.","Ruud C.","Medvedev D.",2,14,1.2,4.5,"Grass",0,90,"Medvedev D.",4.5,1.2,14,2,0,0,1,0,0,0,1,59.375,65.989847715736,50,1,0.8,1,0.6,2.63905732961526,0.693147180559945
"2021-06-30","Thompson J.","Ruud C.","Thompson J.",78,14,2.62,1.5,"Grass",1,90,"Thompson J.",1.5,2.62,14,78,0,1,1,0,0,0,0,40.7407407407407,33.3333333333333,100,0,0.6,0,0.6,2.63905732961526,4.35670882668959
"2021-07-15","Rune H.","Ruud C.","Ruud C.",211,16,6,1.12,"Clay",0,45,"Rune H.",1.12,6,16,211,1,1,0,1,0,0,1,25,20,100,0,0.4,1,0.2,2.77258872223978,5.35185813347607
"2021-07-17","Carballes Baena R.","Ruud C.","Ruud C.",97,16,5.5,1.14,"Clay",0,150,"Carballes Baena R.",1.14,5.5,16,97,1,1,0,1,0,0,1,51.1627906976744,48.0392156862745,100,1,0.6,1,0.6,2.77258872223978,4.57471097850338
"2021-07-18","Ruud C.","Coria F.","Ruud C.",16,77,1.14,5.5,"Clay",0,250,"Coria F.",1.14,5.5,16,77,1,1,0,1,0,0,1,58.6206896551724,50,50,1,0.6,1,0.8,2.77258872223978,4.34380542185368
"2021-07-22","Novak D.","Ruud C.","Ruud C.",124,14,8,1.08,"Clay",0,45,"Novak D.",1.08,8,14,124,1,1,0,1,0,0,1,33.3333333333333,31.4285714285714,50,1,0.6,1,0.2,2.63905732961526,4.82028156560504
"2021-07-23","Paire B.","Ruud C.","Ruud C.",49,14,4.5,1.2,"Clay",0,90,"Paire B.",1.2,4.5,14,49,1,1,0,1,0,0,1,50.625,47.0744680851064,100,1,0.8,1,0.4,2.63905732961526,3.89182029811063
"2021-07-24","Kopriva V.","Ruud C.","Ruud C.",249,14,6.5,1.11,"Clay",0,150,"Kopriva V.",1.11,6.5,14,249,1,1,0,1,0,0,1,100,100,50,1,1,1,0.6,2.63905732961526,5.51745289646471
"2021-07-25","Ruud C.","Gaston H.","Ruud C.",14,155,1.14,5.5,"Clay",0,250,"Gaston H.",1.14,5.5,14,155,1,1,0,1,0,0,1,77.7777777777778,54.5454545454545,50,1,1,1,0.8,2.63905732961526,5.04342511691925
"2021-07-28","Ruud C.","Vilella Martinez M.","Ruud C.",14,167,1.11,6.5,"Clay",0,45,"Vilella Martinez M.",1.11,6.5,14,167,1,1,0,1,0,0,1,50,66.6666666666667,50,1,1,1,0.4,2.63905732961526,5.11799381241676
"2021-07-29","Ruud C.","Ymer M.","Ruud C.",14,99,1.2,4.5,"Clay",0,90,"Ymer M.",1.2,4.5,14,99,1,1,0,1,0,0,1,45,35.8974358974359,50,1,1,1,0.8,2.63905732961526,4.59511985013459
"2021-07-30","Ruud C.","Rinderknech A.","Ruud C.",14,91,1.57,2.37,"Clay",0,150,"Rinderknech A.",1.57,2.37,14,91,1,1,0,1,0,0,1,58.8235294117647,65,50,1,1,1,0.8,2.63905732961526,4.51085950651685
"2021-07-31","Martinez P.","Ruud C.","Ruud C.",97,14,3.4,1.33,"Clay",0,250,"Martinez P.",1.33,3.4,14,97,1,1,0,1,0,0,1,51.7241379310345,48.1481481481481,50,1,1,1,0.8,2.63905732961526,4.57471097850338
"2021-08-10","Ruud C.","Cilic M.","Ruud C.",12,39,1.72,2.1,"Hard Outdoor",0,90,"Cilic M.",1.72,2.1,12,39,1,1,0,0,0,1,1,63.1410256410256,60.9929078014184,100,1,1,1,0.6,2.484906649788,3.66356164612965
"2021-08-12","Lajovic D.","Ruud C.","Ruud C.",44,12,3.2,1.36,"Hard Outdoor",0,180,"Lajovic D.",1.36,3.2,12,44,1,1,0,0,0,1,1,43.3333333333333,42.6724137931034,100,1,1,1,0.6,2.484906649788,3.78418963391826
"2021-08-13","Tsitsipas S.","Ruud C.","Tsitsipas S.",3,12,1.25,2.5,"Hard Outdoor",0,360,"Tsitsipas S.",2.5,1.25,12,3,0,0,0,0,0,1,1,64.9484536082474,65.1041666666667,100,1,1,1,0.6,2.484906649788,1.09861228866811
"2021-08-18","Opelka R.","Ruud C.","Ruud C.",23,11,2.1,1.72,"Hard Outdoor",0,90,"Opelka R.",1.72,2.1,11,23,1,1,0,0,0,1,1,54.1666666666667,53.5353535353535,100,0,0.8,1,0.8,2.39789527279837,3.13549421592915
"2021-08-19","Ruud C.","Schwartzman D.","Ruud C.",11,14,1.8,2,"Hard Outdoor",0,180,"Schwartzman D.",1.8,2,11,14,1,1,0,0,0,1,1,54.954954954955,53.9094650205761,25,1,0.8,1,0.6,2.39789527279837,2.63905732961526
"2021-08-21","Zverev A.","Ruud C.","Zverev A.",5,11,1.25,4,"Hard Outdoor",0,360,"Zverev A.",4,1.25,11,5,0,0,0,0,0,1,1,68.7074829931973,67.1052631578947,50,1,0.8,1,0.8,2.39789527279837,1.6094379124341
"2021-08-30","Ruud C.","Sugita Y.","Ruud C.",11,131,1.06,10,"Hard Outdoor",1,90,"Sugita Y.",1.06,10,11,131,1,1,0,0,0,1,1,31.0344827586207,21.0526315789474,100,0,0.6,0,0.4,2.39789527279837,4.87519732320115
"2021-09-01","Ruud C.","Van De Zandschulp B.","Van De Zandschulp B.",11,117,1.08,8,"Hard Outdoor",1,90,"Van De Zandschulp B.",1.08,8,11,117,0,1,0,0,0,1,0,66.6666666666667,50,50,1,0.6,1,0.6,2.39789527279837,4.76217393479776
"2021-10-01","Ruud C.","Murray A.","Ruud C.",10,109,1.72,2.1,"Hard Outdoor",0,45,"Murray A.",1.72,2.1,10,109,1,1,0,0,0,1,1,76.0493827160494,73.936170212766,50,0,0.6,1,0.6,2.30258509299405,4.69134788222914
"2021-10-02","Ruud C.","Sonego L.","Ruud C.",10,23,1.53,2.5,"Hard Outdoor",0,90,"Sonego L.",1.53,2.5,10,23,1,1,0,0,0,1,1,44.7368421052632,52,100,1,0.6,1,0.6,2.30258509299405,3.13549421592915
"2021-10-03","Dimitrov G.","Ruud C.","Ruud C.",29,10,2.75,1.44,"Hard Outdoor",0,150,"Dimitrov G.",1.44,2.75,10,29,1,1,0,0,0,1,1,60.0806451612903,58.5480093676815,50,1,0.6,1,0.8,2.30258509299405,3.36729582998647
"2021-10-04","Ruud C.","Norrie C.","Ruud C.",10,28,1.9,1.9,"Hard Outdoor",0,250,"Norrie C.",1.9,1.9,10,28,1,1,0,0,0,1,1,54.320987654321,54.9618320610687,50,1,0.8,1,0.8,2.30258509299405,3.3322045101752
"2021-10-09","Carballes Baena R.","Ruud C.","Ruud C.",85,10,8,1.08,"Hard Outdoor",0,90,"Carballes Baena R.",1.08,8,10,85,1,1,0,0,0,1,1,40,48.0769230769231,100,1,0.8,1,0.6,2.30258509299405,4.44265125649032
"2021-10-11","Harris L.","Ruud C.","Ruud C.",31,10,3.2,1.36,"Hard Outdoor",0,180,"Harris L.",1.36,3.2,10,31,1,1,0,0,0,1,1,55.3571428571429,50.7936507936508,50,1,1,1,0.6,2.30258509299405,3.43398720448515
"2021-10-13","Ruud C.","Schwartzman D.","Schwartzman D.",10,15,1.4,3,"Hard Outdoor",0,180,"Schwartzman D.",1.4,3,10,15,0,1,0,0,0,1,0,56.5573770491803,54.4,40,1,1,1,0.8,2.30258509299405,2.70805020110221
"2021-10-26","Ruud C.","Harris L.","Ruud C.",8,31,1.72,2.1,"Hard Indoor",0,90,"Harris L.",1.72,2.1,8,31,1,1,0,0,1,0,1,53.8461538461538,51.4705882352941,100,0,0.8,0,0.6,2.07944154167984,3.43398720448515
"2021-10-28","Ruud C.","Sonego L.","Ruud C.",8,23,1.36,3.2,"Hard Indoor",0,90,"Sonego L.",1.36,3.2,8,23,1,1,0,0,1,0,1,55.5555555555556,51.4563106796116,100,1,0.8,1,0.6,2.07944154167984,3.13549421592915
"2021-10-29","Ruud C.","Sinner J.","Sinner J.",8,11,3,1.4,"Hard Indoor",0,180,"Sinner J.",3,1.4,8,11,0,0,0,0,1,0,1,75,66.6666666666667,0,1,0.8,1,1,2.07944154167984,2.39789527279837
"2021-11-02","Ruud C.","Bublik A.","Ruud C.",8,36,1.3,3.5,"Hard Indoor",0,90,"Bublik A.",1.3,3.5,8,36,1,1,0,0,1,0,1,55,52.3809523809524,100,0,0.6,1,0.4,2.07944154167984,3.58351893845611
"2021-11-04","Ruud C.","Giron M.","Ruud C.",8,57,1.33,3.4,"Hard Indoor",0,180,"Giron M.",1.33,3.4,8,57,1,1,0,0,1,0,1,57.8947368421053,52.9411764705882,50,1,0.6,1,0.6,2.07944154167984,4.04305126783455
"2021-11-05","Zverev A.","Ruud C.","Zverev A.",4,8,1.4,3,"Hard Indoor",0,360,"Zverev A.",3,1.4,8,4,0,0,0,0,1,0,1,66.6666666666667,68.2389937106918,0,1,0.8,1,1,2.07944154167984,1.38629436111989
"2021-11-15","Ruud C.","Djokovic N.","Djokovic N.",8,1,6.5,1.11,"Hard Indoor",0,600,"Djokovic N.",6.5,1.11,8,1,0,0,0,0,1,0,1,77.2413793103448,82.4113475177305,0,0,0.6,1,0.8,2.07944154167984,0
"2021-11-17","Ruud C.","Norrie C.","Ruud C.",8,12,1.57,2.37,"Hard Indoor",0,600,"Norrie C.",1.57,2.37,8,12,1,1,0,0,1,0,1,42.8571428571429,56.6433566433566,100,0,0.4,0,0.6,2.07944154167984,2.484906649788
"2021-11-19","Rublev A.","Ruud C.","Ruud C.",5,8,1.5,2.5,"Hard Indoor",0,600,"Rublev A.",2.5,1.5,8,5,1,0,0,0,1,0,0,58.0645161290323,60,0,1,0.6,0,0.4,2.07944154167984,1.6094379124341
"2021-11-20","Ruud C.","Medvedev D.","Medvedev D.",8,2,5.5,1.14,"Hard Indoor",0,1000,"Medvedev D.",5.5,1.14,8,2,0,0,0,0,1,0,1,72.2222222222222,68.3257918552036,0,1,0.6,1,0.8,2.07944154167984,0.693147180559945
"2022-02-09","Carballes Baena R.","Ruud C.","Ruud C.",78,8,5,1.16,"Clay",0,45,"Carballes Baena R.",1.16,5,8,78,1,1,0,1,0,0,1,51.1111111111111,47.2727272727273,100,0,0.4,1,0.4,2.07944154167984,4.35670882668959
"2022-02-11","Ruud C.","Coria F.","Ruud C.",8,65,1.2,4.5,"Clay",0,90,"Coria F.",1.2,4.5,8,65,1,1,0,1,0,0,1,57.5757575757576,48.7179487179487,100,1,0.6,1,0.4,2.07944154167984,4.17438726989564
"2022-02-12","Delbonis F.","Ruud C.","Ruud C.",42,8,5,1.16,"Clay",0,150,"Delbonis F.",1.16,5,8,42,1,1,0,1,0,0,1,54.8387096774194,47.1774193548387,50,1,0.8,1,0.6,2.07944154167984,3.73766961828337
"2022-02-13","Schwartzman D.","Ruud C.","Ruud C.",15,8,2.75,1.44,"Clay",0,250,"Schwartzman D.",1.44,2.75,8,15,1,1,0,1,0,0,1,59.0909090909091,55.4307116104869,33.3333333333333,1,0.8,1,0.8,2.07944154167984,2.70805020110221
"2022-03-12","Ruud C.","Eubanks C.","Ruud C.",8,157,1.2,4.5,"Hard Outdoor",0,90,"Eubanks C.",1.2,4.5,8,157,1,1,0,0,0,1,1,22.2222222222222,33.3333333333333,50,1,0.8,1,0.4,2.07944154167984,5.05624580534831
"2022-03-15","Ruud C.","Kyrgios N.","Kyrgios N.",8,132,1.8,2,"Hard Outdoor",0,180,"Kyrgios N.",1.8,2,8,132,0,1,0,0,0,1,0,66.4429530201342,65.0602409638554,50,1,1,1,0.6,2.07944154167984,4.88280192258637
"2022-03-26","Ruud C.","Laaksonen H.","Ruud C.",8,86,1.14,5.5,"Hard Outdoor",0,90,"Laaksonen H.",1.14,5.5,8,86,1,1,0,0,0,1,1,38.4615384615385,37.1428571428571,50,0,0.8,1,0.2,2.07944154167984,4.45434729625351
"2022-03-27","Bublik A.","Ruud C.","Ruud C.",33,8,3.5,1.3,"Hard Outdoor",0,180,"Bublik A.",1.3,3.5,8,33,1,1,0,0,0,1,1,47.2727272727273,52.9411764705882,100,1,0.8,1,0.4,2.07944154167984,3.49650756146648
"2022-03-29","Ruud C.","Norrie C.","Ruud C.",8,12,1.57,2.37,"Hard Outdoor",0,180,"Norrie C.",1.57,2.37,8,12,1,1,0,0,0,1,1,60.5769230769231,58.8957055214724,100,1,0.8,1,0.8,2.07944154167984,2.484906649788
"2022-03-31","Ruud C.","Zverev A.","Ruud C.",8,4,3.5,1.3,"Hard Outdoor",0,360,"Zverev A.",3.5,1.3,8,4,1,0,0,0,0,1,0,70.2380952380952,68.4684684684685,0,1,0.8,1,0.8,2.07944154167984,1.38629436111989
"2022-04-01","Cerundolo F.","Ruud C.","Ruud C.",103,8,5.5,1.14,"Hard Outdoor",0,600,"Cerundolo F.",1.14,5.5,8,103,1,1,0,0,0,1,1,60,54.5454545454545,50,1,0.8,1,0.8,2.07944154167984,4.63472898822964
"2022-04-03","Ruud C.","Alcaraz C.","Alcaraz C.",8,16,3.4,1.33,"Hard Outdoor",0,1000,"Alcaraz C.",3.4,1.33,8,16,0,0,0,0,0,1,1,69.6969696969697,68.75,0,1,1,1,1,2.07944154167984,2.77258872223978
"2022-04-13","Rune H.","Ruud C.","Ruud C.",79,7,5,1.16,"Clay",0,90,"Rune H.",1.16,5,7,79,1,1,0,1,0,0,1,27.2727272727273,33.3333333333333,100,0,0.8,1,0.6,1.94591014905531,4.36944785246702
"2022-04-14","Dimitrov G.","Ruud C.","Dimitrov G.",29,7,4.5,1.2,"Clay",0,180,"Dimitrov G.",1.2,4.5,7,29,0,1,0,1,0,0,0,56.6666666666667,58.5746102449889,100,1,0.8,1,0.6,1.94591014905531,3.36729582998647
"2022-04-19","Ruud C.","Nakashima B.","Ruud C.",7,81,1.1,7,"Clay",0,90,"Nakashima B.",1.1,7,7,81,1,1,0,1,0,0,1,100,60.5263157894737,50,0,0.6,1,0.6,1.94591014905531,4.39444915467244
"2022-04-22","Ruud C.","Ruusuvuori E.","Ruud C.",7,73,1.16,5,"Clay",0,90,"Ruusuvuori E.",1.16,5,7,73,1,1,0,1,0,0,1,36.3636363636364,53.030303030303,50,1,0.6,1,0.6,1.94591014905531,4.29045944114839
"2022-04-22","Carreno Busta P.","Ruud C.","Carreno Busta P.",19,7,3.5,1.3,"Clay",0,180,"Carreno Busta P.",1.3,3.5,7,19,0,1,0,1,0,0,0,63.5514018691589,59.1928251121076,66.6666666666667,1,0.6,1,0.6,1.94591014905531,2.94443897916644
"2022-04-28","Molcan A.","Ruud C.","Ruud C.",46,7,4.5,1.2,"Clay",0,45,"Molcan A.",1.2,4.5,7,46,1,1,0,1,0,0,1,76.9230769230769,60.8695652173913,50,0,0.6,1,0.8,1.94591014905531,3.8286413964891
"2022-04-29","Van De Zandschulp B.","Ruud C.","Van De Zandschulp B.",40,7,3.75,1.28,"Clay",0,90,"Van De Zandschulp B.",1.28,3.75,7,40,0,1,0,1,0,0,0,62.5,57.5757575757576,0,1,0.6,1,0.6,1.94591014905531,3.68887945411394
"2022-05-04","Lajovic D.","Ruud C.","Lajovic D.",77,7,6,1.12,"Clay",0,90,"Lajovic D.",1.12,6,7,77,0,1,0,1,0,0,0,47.9166666666667,41.5686274509804,100,0,0.6,1,0.4,1.94591014905531,4.34380542185368
"2022-05-10","Van De Zandschulp B.","Ruud C.","Ruud C.",32,10,2.75,1.44,"Clay",0,90,"Van De Zandschulp B.",1.44,2.75,10,32,1,1,0,1,0,0,1,69.2307692307692,60.5263157894737,0,0,0.4,1,0.8,2.30258509299405,3.46573590279973
"2022-05-12","Ruud C.","Brooksby J.","Ruud C.",10,38,1.22,4.33,"Clay",0,180,"Brooksby J.",1.22,4.33,10,38,1,1,0,1,0,0,1,40,67.6470588235294,50,1,0.4,1,0.4,2.30258509299405,3.63758615972639
"2022-05-13","Ruud C.","Shapovalov D.","Ruud C.",10,16,1.4,3,"Clay",0,360,"Shapovalov D.",1.4,3,10,16,1,1,0,1,0,0,1,55.5555555555556,54.4973544973545,100,1,0.6,1,0.8,2.30258509299405,2.77258872223978
"2022-05-14","Ruud C.","Djokovic N.","Djokovic N.",10,1,4.5,1.2,"Clay",0,600,"Djokovic N.",4.5,1.2,10,1,0,0,0,1,0,0,1,81.4035087719298,82.1576763485477,0,1,0.6,1,0.8,2.30258509299405,0
"2022-05-18","Ruud C.","Paire B.","Ruud C.",8,67,1.12,6,"Clay",0,45,"Paire B.",1.12,6,8,67,1,1,0,1,0,0,1,48.5207100591716,45.679012345679,100,0,0.6,1,0.2,2.07944154167984,4.20469261939097
"2022-05-19","Kokkinakis T.","Ruud C.","Ruud C.",85,8,4.5,1.2,"Clay",0,90,"Kokkinakis T.",1.2,4.5,8,85,1,1,0,1,0,0,1,50,49.2753623188406,50,1,0.8,1,0.8,2.07944154167984,4.44265125649032
"2022-05-20","Ruud C.","Opelka R.","Ruud C.",8,18,1.25,4,"Clay",0,150,"Opelka R.",1.25,4,8,18,1,1,0,1,0,0,1,48.2758620689655,55.3846153846154,100,1,0.8,1,0.4,2.07944154167984,2.89037175789616
"2022-05-21","Ruud C.","Sousa J.","Ruud C.",8,79,1.12,6,"Clay",0,250,"Sousa J.",1.12,6,8,79,1,1,0,1,0,0,1,45.3947368421053,44.4444444444444,100,1,0.8,1,0.8,2.07944154167984,4.36944785246702
"2022-05-24","Tsonga J.W.","Ruud C.","Ruud C.",297,8,15,1.03,"Clay",1,90,"Tsonga J.W.",1.03,15,8,297,1,1,0,1,0,0,1,61.7886178861789,74.0740740740741,50,1,0.8,0,0.2,2.07944154167984,5.6937321388027
"2022-05-26","Ruud C.","Ruusuvuori E.","Ruud C.",8,61,1.12,6,"Clay",1,90,"Ruusuvuori E.",1.12,6,8,61,1,1,0,1,0,0,1,38.8888888888889,40,100,1,1,1,0.4,2.07944154167984,4.11087386417331
"2022-05-28","Ruud C.","Sonego L.","Ruud C.",8,35,1.16,5,"Clay",1,180,"Sonego L.",1.16,5,8,35,1,1,0,1,0,0,1,50,50,100,1,1,1,0.4,2.07944154167984,3.55534806148941
"2022-05-30","Ruud C.","Hurkacz H.","Ruud C.",8,13,1.57,2.37,"Clay",1,360,"Hurkacz H.",1.57,2.37,8,13,1,1,0,1,0,0,1,50,50,50,1,1,1,0.6,2.07944154167984,2.56494935746154
"2022-06-01","Ruud C.","Rune H.","Ruud C.",8,40,1.44,2.75,"Clay",1,720,"Rune H.",1.44,2.75,8,40,1,1,0,1,0,0,1,57.6923076923077,66.6666666666667,100,1,1,1,0.8,2.07944154167984,3.68887945411394
"2022-06-03","Cilic M.","Ruud C.","Ruud C.",23,8,2.75,1.44,"Clay",1,1200,"Cilic M.",1.44,2.75,8,23,1,1,0,1,0,0,1,59.3908629441624,71.4285714285714,100,1,1,1,1,2.07944154167984,3.13549421592915
"2022-06-05","Nadal R.","Ruud C.","Nadal R.",5,8,1.16,5.5,"Clay",1,2000,"Nadal R.",5.5,1.16,8,5,0,0,0,1,0,0,1,90.9090909090909,88.4615384615385,50,1,1,1,1,2.07944154167984,1.6094379124341
"2022-06-14","Peniston R.","Ruud C.","Peniston R.",180,5,3.5,1.3,"Grass",0,90,"Peniston R.",1.3,3.5,5,180,0,1,1,0,0,0,0,0,0,50,0,0.8,0,0,1.6094379124341,5.19295685089021
"2022-06-27","Ruud C.","Ramos-Vinolas A.","Ruud C.",6,39,1.2,4.5,"Grass",1,90,"Ramos-Vinolas A.",1.2,4.5,6,39,1,1,1,0,0,0,1,25,41.1764705882353,0,0,0.6,0,0.2,1.79175946922805,3.66356164612965
"2022-06-29","Humbert U.","Ruud C.","Humbert U.",112,6,2.37,1.57,"Grass",1,90,"Humbert U.",1.57,2.37,6,112,0,1,1,0,0,0,0,62.5,30,33.3333333333333,1,0.6,1,0.4,1.79175946922805,4.71849887129509
"2022-07-13","Ruud C.","Cerundolo F.","Cerundolo F.",5,39,1.16,5,"Clay",0,45,"Cerundolo F.",1.16,5,5,39,0,1,0,1,0,0,0,47.8260869565217,50,100,0,0.4,1,0.4,1.6094379124341,3.66356164612965
"2022-07-21","Ruud C.","Lehecka J.","Ruud C.",5,65,1.2,4.5,"Clay",0,45,"Lehecka J.",1.2,4.5,5,65,1,1,0,1,0,0,1,28.5714285714286,45.4545454545455,50,0,0.2,1,0.2,1.6094379124341,4.17438726989564
"2022-07-22","Ruud C.","Munar J.","Ruud C.",5,63,1.25,4,"Clay",0,90,"Munar J.",1.25,4,5,63,1,1,0,1,0,0,1,46.5753424657534,45.0980392156863,100,1,0.4,1,0.6,1.6094379124341,4.14313472639153
"2022-07-23","Ramos-Vinolas A.","Ruud C.","Ruud C.",40,5,4.5,1.2,"Clay",0,150,"Ramos-Vinolas A.",1.2,4.5,5,40,1,1,0,1,0,0,1,54.0284360189574,47.4358974358974,25,1,0.6,1,0.6,1.6094379124341,3.68887945411394
"2022-07-24","Ruud C.","Berrettini M.","Ruud C.",5,15,1.8,2,"Clay",0,250,"Berrettini M.",1.8,2,5,15,1,1,0,1,0,0,1,70.3125,65.9090909090909,50,1,0.6,1,1,1.6094379124341,2.70805020110221
"2022-08-10","Molcan A.","Ruud C.","Ruud C.",42,7,3.4,1.33,"Hard Outdoor",0,90,"Molcan A.",1.33,3.4,7,42,1,1,0,0,0,1,1,61.5384615384615,60.5263157894737,100,1,0.8,1,0.6,1.94591014905531,3.73766961828337
"2022-08-11","Bautista Agut R.","Ruud C.","Ruud C.",18,7,2.1,1.72,"Hard Outdoor",0,180,"Bautista Agut R.",1.72,2.1,7,18,1,1,0,0,0,1,1,68.5314685314685,63.0952380952381,0,1,1,1,1,1.94591014905531,2.89037175789616
"2022-08-12","Auger-Aliassime F.","Ruud C.","Ruud C.",9,7,1.53,2.5,"Hard Outdoor",0,360,"Auger-Aliassime F.",2.5,1.53,7,9,1,0,0,0,0,1,0,59.7402597402597,58.4795321637427,50,1,1,1,0.8,1.94591014905531,2.19722457733622
"2022-08-13","Hurkacz H.","Ruud C.","Hurkacz H.",10,7,1.9,1.9,"Hard Outdoor",0,600,"Hurkacz H.",1.9,1.9,7,10,0,1,0,0,0,1,0,62.6373626373626,58.5034013605442,100,1,1,1,0.6,1.94591014905531,2.30258509299405
"2022-08-17","Shelton B.","Ruud C.","Shelton B.",229,5,4.5,1.2,"Hard Outdoor",0,90,"Shelton B.",1.2,4.5,5,229,0,1,0,0,0,1,0,66.6666666666667,66.6666666666667,50,0,0.8,1,0.4,1.6094379124341,5.43372200355424
"2022-08-29","Edmund K.","Ruud C.","Ruud C.",601,7,9,1.07,"Hard Outdoor",1,90,"Edmund K.",1.07,9,7,601,1,1,0,0,0,1,1,49.5652173913044,53.4883720930233,50,0,0.6,0,0.4,1.94591014905531,6.39859493453521
"2022-08-31","Van Rijthoven T.","Ruud C.","Ruud C.",117,7,6,1.12,"Hard Outdoor",1,90,"Van Rijthoven T.",1.12,6,7,117,1,1,0,0,0,1,1,50,80,50,1,0.6,1,0.6,1.94591014905531,4.76217393479776
"2022-09-02","Ruud C.","Paul T.","Ruud C.",7,34,1.57,2.37,"Hard Outdoor",1,180,"Paul T.",1.57,2.37,7,34,1,1,0,0,0,1,1,52.9411764705882,47.8260869565217,100,1,0.6,1,0.6,1.94591014905531,3.52636052461616
"2022-09-04","Ruud C.","Moutet C.","Ruud C.",7,112,1.16,5,"Hard Outdoor",1,360,"Moutet C.",1.16,5,7,112,1,1,0,0,0,1,1,57.5757575757576,44.4444444444444,50,1,0.6,1,0.6,1.94591014905531,4.71849887129509
"2022-09-06","Berrettini M.","Ruud C.","Ruud C.",14,7,1.8,2,"Hard Outdoor",1,720,"Berrettini M.",2,1.8,7,14,1,0,0,0,0,1,0,59.7014925373134,74.1379310344828,60,1,0.8,1,0.8,1.94591014905531,2.63905732961526
"2022-09-09","Khachanov K.","Ruud C.","Ruud C.",31,7,2.75,1.44,"Hard Outdoor",1,1200,"Khachanov K.",1.44,2.75,7,31,1,1,0,0,0,1,1,55.8823529411765,67.6470588235294,100,1,1,1,0.8,1.94591014905531,3.43398720448515
"2022-09-11","Ruud C.","Alcaraz C.","Alcaraz C.",7,4,2.8,1.45,"Hard Outdoor",1,2000,"Alcaraz C.",2.8,1.45,7,4,0,0,0,0,0,1,1,72.0930232558139,78.5714285714286,0,1,1,1,1,1.94591014905531,1.38629436111989
"2022-09-29","Jarry N.","Ruud C.","Ruud C.",111,2,5,1.16,"Hard Outdoor",0,45,"Jarry N.",1.16,5,2,111,1,1,0,0,0,1,1,37.037037037037,50,50,0,0.8,1,0.4,0.693147180559945,4.70953020131233
"2022-09-30","Ruud C.","Nishioka Y.","Nishioka Y.",2,56,1.22,4.33,"Hard Outdoor",0,90,"Nishioka Y.",1.22,4.33,2,56,0,1,0,0,0,1,0,51.8181818181818,51.1111111111111,100,1,0.8,1,0.6,0.693147180559945,4.02535169073515
"2022-10-04","Munar J.","Ruud C.","Munar J.",58,3,4.5,1.2,"Hard Outdoor",0,90,"Munar J.",1.2,4.5,3,58,0,1,0,0,0,1,0,42.5,43.6363636363636,100,0,0.6,0,0.2,1.09861228866811,4.06044301054642
"2022-10-25","Ruud C.","Wawrinka S.","Wawrinka S.",3,194,1.44,2.75,"Hard Indoor",0,90,"Wawrinka S.",1.44,2.75,3,194,0,1,0,0,1,0,0,57.5,60.3146853146853,50,0,0.4,0,0.6,1.09861228866811,5.26785815906333
"2022-11-01","Ruud C.","Gasquet R.","Ruud C.",4,76,1.5,2.62,"Hard Indoor",0,90,"Gasquet R.",1.5,2.62,4,76,1,1,0,0,1,0,1,62.5,62.0490620490621,0,0,0.2,1,0.8,1.38629436111989,4.33073334028633
"2022-11-03","Musetti L.","Ruud C.","Musetti L.",23,4,2.2,1.66,"Hard Indoor",0,180,"Musetti L.",1.66,2.2,4,23,0,1,0,0,1,0,0,52.3809523809524,57.1428571428571,50,1,0.4,1,0.8,1.38629436111989,3.13549421592915
"2022-11-13","Ruud C.","Auger-Aliassime F.","Ruud C.",4,6,3.2,1.36,"Hard Indoor",0,600,"Auger-Aliassime F.",3.2,1.36,4,6,1,0,0,0,1,0,0,70.4918032786885,61.139896373057,66.6666666666667,0,0.2,0,0.8,1.38629436111989,1.79175946922805
"2022-11-15","Fritz T.","Ruud C.","Ruud C.",9,4,1.8,2,"Hard Indoor",0,600,"Fritz T.",2,1.8,4,9,1,0,0,0,1,0,0,54.7619047619048,55.6016597510373,50,1,0.4,1,0.6,1.38629436111989,2.19722457733622
"2022-11-17","Nadal R.","Ruud C.","Nadal R.",2,4,2.5,1.53,"Hard Indoor",0,600,"Nadal R.",1.53,2.5,4,2,0,1,0,0,1,0,0,65.3061224489796,81.4545454545455,0,1,0.6,0,0.2,1.38629436111989,0.693147180559945
"2022-11-19","Rublev A.","Ruud C.","Ruud C.",7,4,1.66,2.2,"Hard Indoor",0,1000,"Rublev A.",2.2,1.66,4,7,1,0,0,0,1,0,0,62.7906976744186,62.3134328358209,25,0,0.6,1,0.6,1.38629436111989,1.94591014905531
"2022-11-20","Djokovic N.","Ruud C.","Djokovic N.",8,4,1.22,4.33,"Hard Indoor",0,1500,"Djokovic N.",4.33,1.22,4,8,0,0,0,0,1,0,1,78.9156626506024,82.4797843665768,0,1,0.6,1,0.8,1.38629436111989,2.07944154167984
"2023-01-11","Ruud C.","Djere L.","Djere L.",3,70,1.17,5,"Hard Outdoor",0,45,"Djere L.",1.17,5,3,70,0,1,0,0,0,1,0,39.622641509434,50.314465408805,0,0,0.6,1,0.4,1.09861228866811,4.24849524204936
"2023-01-17","Machac T.","Ruud C.","Ruud C.",110,3,5,1.17,"Hard Outdoor",1,90,"Machac T.",1.17,5,3,110,1,1,0,0,0,1,1,25,20,50,0,0.4,0,0.2,1.09861228866811,4.70048036579242
"2023-01-19","Brooksby J.","Ruud C.","Brooksby J.",39,3,3.4,1.33,"Hard Outdoor",1,90,"Brooksby J.",1.33,3.4,3,39,0,1,0,0,0,1,0,61.3636363636364,53.3333333333333,100,1,0.4,1,0.6,1.09861228866811,3.66356164612965
"2023-02-28","Ruud C.","Andreozzi G.","Ruud C.",4,342,1.07,9,"Hard Outdoor",0,90,"Andreozzi G.",1.07,9,4,342,1,1,0,0,0,1,1,38.4615384615385,37.037037037037,50,0,0.4,0,0.2,1.38629436111989,5.8348107370626
"2023-03-02","Daniel T.","Ruud C.","Daniel T.",125,4,3.5,1.3,"Hard Outdoor",0,90,"Daniel T.",1.3,3.5,4,125,0,1,0,0,0,1,0,34.2465753424658,40.4580152671756,50,1,0.4,1,0.4,1.38629436111989,4.8283137373023
"2023-03-10","Schwartzman D.","Ruud C.","Ruud C.",38,4,4,1.25,"Hard Outdoor",0,90,"Schwartzman D.",1.25,4,4,38,1,1,0,0,0,1,1,56.1151079136691,54.0983606557377,42.8571428571429,0,0.4,1,0.2,1.38629436111989,3.63758615972639
"2023-03-12","Ruud C.","Garin C.","Garin C.",4,97,1.22,4.33,"Hard Outdoor",0,180,"Garin C.",1.22,4.33,4,97,0,1,0,0,0,1,0,41.6666666666667,50.4347826086956,0,1,0.6,1,0.6,1.38629436111989,4.57471097850338
"2023-03-24","Ruud C.","Ivashka I.","Ruud C.",4,80,1.4,3,"Hard Outdoor",0,90,"Ivashka I.",1.4,3,4,80,1,1,0,0,0,1,1,50,51.2820512820513,50,0,0.4,1,0.4,1.38629436111989,4.38202663467388
"2023-03-27","Ruud C.","Van De Zandschulp B.","Van De Zandschulp B.",4,32,1.3,3.5,"Hard Outdoor",0,180,"Van De Zandschulp B.",1.3,3.5,4,32,0,1,0,0,0,1,0,58.695652173913,56,33.3333333333333,1,0.6,1,0.6,1.38629436111989,3.46573590279973
"2023-04-05","Ruud C.","Sousa J.","Ruud C.",5,147,1.11,6.5,"Clay",0,45,"Sousa J.",1.11,6.5,5,147,1,1,0,1,0,0,1,44.8484848484849,43.213296398892,100,0,0.4,1,0.4,1.6094379124341,4.99043258677874
"2023-04-07","Baez S.","Ruud C.","Ruud C.",32,5,2.75,1.44,"Clay",0,90,"Baez S.",1.44,2.75,5,32,1,1,0,1,0,0,1,65.7894736842105,50.9090909090909,50,1,0.6,1,0.6,1.6094379124341,3.46573590279973
"2023-04-08","Halys Q.","Ruud C.","Ruud C.",80,5,4.33,1.22,"Clay",0,150,"Halys Q.",1.22,4.33,5,80,1,1,0,1,0,0,1,30.7692307692308,37.7777777777778,100,1,0.6,1,0.8,1.6094379124341,4.38202663467388
"2023-04-09","Ruud C.","Kecmanovic M.","Ruud C.",5,40,1.44,2.75,"Clay",0,250,"Kecmanovic M.",1.44,2.75,5,40,1,1,0,1,0,0,1,56.5217391304348,52.317880794702,50,1,0.8,1,0.8,1.6094379124341,3.68887945411394
"2023-04-12","Van De Zandschulp B.","Ruud C.","Ruud C.",31,4,4.5,1.2,"Clay",0,90,"Van De Zandschulp B.",1.2,4.5,4,31,1,1,0,1,0,0,1,57.8947368421053,55.6962025316456,25,1,0.8,1,0.6,1.38629436111989,3.43398720448515
"2023-04-13","Ruud C.","Struff J.L.","Struff J.L.",4,100,1.3,3.5,"Clay",0,180,"Struff J.L.",1.3,3.5,4,100,0,1,0,1,0,0,0,45.4545454545455,45.4861111111111,0,1,1,1,0.6,1.38629436111989,4.60517018598809
"2023-04-18","Ruud C.","Shelton B.","Ruud C.",3,37,1.14,5.5,"Clay",0,90,"Shelton B.",1.14,5.5,3,37,1,1,0,1,0,0,1,50,43.75,0,0,0.8,1,0.4,1.09861228866811,3.61091791264422
"2023-04-20","Cerundolo F.","Ruud C.","Cerundolo F.",32,3,2.75,1.44,"Clay",0,90,"Cerundolo F.",1.44,2.75,3,32,0,1,0,1,0,0,0,60,55.5555555555556,50,1,0.8,1,0.6,1.09861228866811,3.46573590279973
"2023-04-28","Ruud C.","Arnaldi M.","Arnaldi M.",4,105,1.17,5,"Clay",0,90,"Arnaldi M.",1.17,5,4,105,0,1,0,1,0,0,0,50,40,50,0,0.6,1,0.4,1.38629436111989,4.65396035015752
"2023-05-12","Ruud C.","Rinderknech A.","Ruud C.",4,89,1.17,5,"Clay",0,90,"Rinderknech A.",1.17,5,4,89,1,1,0,1,0,0,1,50,53.7313432835821,100,0,0.4,1,0.4,1.38629436111989,4.48863636973214
"2023-05-14","Bublik A.","Ruud C.","Ruud C.",49,4,5,1.17,"Clay",0,180,"Bublik A.",1.17,5,4,49,1,1,0,1,0,0,1,41.1764705882353,50.9090909090909,100,1,0.4,1,0.6,1.38629436111989,3.89182029811063
"2023-05-16","Ruud C.","Djere L.","Ruud C.",4,62,1.4,3,"Clay",0,180,"Djere L.",1.4,3,4,62,1,1,0,1,0,0,1,58.1818181818182,49.7109826589595,0,1,0.6,1,0.6,1.38629436111989,4.12713438504509
"2023-05-17","Cerundolo F.","Ruud C.","Ruud C.",31,4,2.3,1.62,"Clay",0,360,"Cerundolo F.",1.62,2.3,4,31,1,1,0,1,0,0,1,60.8695652173913,56.5217391304348,33.3333333333333,1,0.6,1,0.6,1.38629436111989,3.43398720448515
"2023-05-20","Rune H.","Ruud C.","Rune H.",7,4,1.57,2.38,"Clay",0,600,"Rune H.",2.38,1.57,4,7,0,0,0,1,0,0,1,61.3636363636364,60.6741573033708,100,1,0.8,1,0.8,1.38629436111989,1.94591014905531
